"ip";"port";"country code";"city";"region";"country";"level";"http";"https";"socks4";"socks5";"google";"twitter";"instagram";"telegram";"avito";"mailru";"real_ip";"response, msec";"good checks";"bad checks";"hostname"
"171.41.151.179";2324;"CN";"";"";"Китай";1;1;1;1;1;0;0;0;0;0;0;"171.41.151.179";381;2;0;"171.41.151.179"
"171.41.150.221";2324;"CN";"";"";"Китай";1;1;1;1;1;0;0;0;0;0;0;"171.41.150.221";381;2;0;"171.41.150.221"
"171.41.149.140";2324;"CN";"";"";"Китай";1;1;1;0;1;0;0;0;0;0;0;"171.41.149.140";381;2;0;"171.41.149.140"
"72.10.164.178";28653;"PH";"Quezon City";"Metro Manila";"Филиппины";1;1;1;0;0;0;0;0;0;0;0;"112.203.217.102";157;22;1;"112.203.217.102.pldt.net"
"72.10.164.178";12369;"ID";"Jakarta";"Jakarta";"Индонезия";1;1;1;0;0;0;0;0;0;0;0;"182.253.145.197";157;27;1;"182.253.145.197"
"67.43.236.18";30609;"TH";"Bangkok";"Bangkok";"Таиланд";1;0;1;0;0;0;0;0;0;0;0;"49.228.238.112";269;17;2;"49-228-238-0.24.nat.tls1a-cgn02.myaisfibre.com"
"49.12.169.69";3193;"DE";"Falkenstein";"Saxony";"ФРГ";1;0;1;0;0;0;0;0;0;0;0;"49.12.169.69";150;126;1017;"static.69.169.12.49.clients.your-server.de"
"180.180.109.51";8080;"TH";"Phitsanulok";"Phitsanulok";"Таиланд";1;0;1;0;0;0;0;1;1;1;0;"180.180.109.51";281;95;0;"node-lkj.pool-180-180.dynamic.totinternet.net"
"67.43.228.250";3531;"MY";"Kuala Lumpur";"Kuala Lumpur";"Малайзия";1;1;1;0;0;0;0;1;1;1;0;"192.228.246.169";153;25;1;"broadband.time.net.my"
"223.206.198.155";8080;"TH";"Nakhon Ratchasima";"Nakhon Ratchasima";"Таиланд";1;0;1;0;0;0;0;1;1;1;0;"223.206.198.155";259;490;795;"mx-ll-223.206.198-155.dynamic.3bb.co.th"
"223.204.123.218";8080;"TH";"Bang Lamung";"Chon Buri";"Таиланд";1;0;1;0;0;0;0;1;1;1;0;"223.204.123.218";275;27;0;"223.204.123.218"
"213.24.238.111";3128;"RU";"";"";"Россия";1;1;1;0;0;0;0;0;1;1;0;"213.24.238.111";138;15200;80;"mail.50.kadastr.ru"
"193.181.35.173";8118;"SE";"Stockholm";"Stockholm County";"Швеция";1;0;1;0;0;0;0;0;0;0;0;"193.181.35.173";140;37;11;"193-181-35-173.cust.norisab.com"
"192.53.169.73";3128;"AU";"Sydney";"New South Wales";"Австралия";1;0;1;0;0;0;0;1;1;1;0;"192.53.169.73";394;19;1;"192-53-169-73.ip.linodeusercontent.com"
"191.81.213.99";8080;"AR";"Mendoza";"Mendoza";"Аргентина";1;0;1;0;0;0;0;1;1;1;0;"191.81.217.137";394;552;884;"191-81-217-137.speedy.com.ar"
"187.223.133.92";8080;"MX";"La Paz";"Baja California Sur";"Мексика";1;0;1;0;0;0;0;0;1;1;0;"187.223.133.92";260;357;2;"187.223.133.92"
"185.231.193.15";8080;"IT";"Ros";"Province of Vicenza";"Италия";1;1;1;0;0;0;0;1;1;1;0;"185.231.193.15";141;24;0;"185-231-193-15.v4.flynet.it"
"185.166.24.248";8080;"IQ";"Jamjaml";"Sulaymaniyah";"Ирак";1;0;1;0;0;0;0;0;0;0;0;"185.166.26.88";261;16118;304;"185.166.26.88"
"184.82.61.210";8080;"TH";"Khon Kaen";"Khon Kaen";"Таиланд";1;0;1;0;0;0;0;1;1;1;0;"184.82.61.210";266;20;0;"184.82.61.210"
"182.132.24.190";8118;"CN";"";"";"Китай";1;1;1;0;0;0;0;0;0;1;0;"182.132.24.190";400;109;6;"182.132.24.190"
"178.153.189.162";8080;"QA";"Doha";"Baladyat ad Dawah";"Катар";1;0;1;0;0;0;0;0;0;0;0;"178.153.189.162";267;326;204;"178.153.189.162"
"176.10.125.7";8118;"CH";"Hnenberg";"Zug";"Швейцария";1;1;1;0;0;1;0;1;1;1;0;"176.10.125.7";142;5689;87;"176.10.125.7"
"172.105.97.23";3128;"CA";"Toronto";"Ontario";"Канада";1;0;1;0;0;0;0;1;1;1;0;"172.105.97.23";268;435;23;"172-105-97-23.ip.linodeusercontent.com"
"192.73.244.36";54055;"ID";"";"";"Индонезия";1;0;1;0;0;0;0;0;1;0;0;"163.227.135.18";1358;438;746;"163.227.135.18"
"159.69.57.20";8880;"NL";"Haarlem";"North Holland";"Нидерланды";1;1;1;0;0;0;0;1;1;0;0;"213.152.162.99";143;6202;2098;"connected-by.global-layer.com"
"159.65.109.160";3128;"US";"Santa Clara";"California";"США";1;0;1;0;0;0;0;1;1;1;0;"159.65.109.160";269;135;0;"159.65.109.160"
"158.23.86.32";3128;"MX";"Quertaro";"Chihuahua";"Мексика";1;1;1;0;0;0;0;1;0;0;0;"158.23.86.32";269;322;488;"158.23.86.32"
"149.129.238.206";3128;"ID";"Jakarta";"Jakarta";"Индонезия";1;0;1;0;0;0;0;0;0;1;0;"149.129.238.206";269;69;0;"149.129.238.206"
"147.50.230.244";3128;"TH";"";"";"Таиланд";3;1;1;0;0;1;0;1;1;1;0;"147.50.230.244";269;18;0;"147.50.230.244"
"134.35.15.218";8080;"YE";"Aden";"Aden";"Йемен";1;0;1;0;0;0;0;1;1;1;0;"134.35.15.218";404;117;3;"134.35.15.218"
"128.199.23.21";3128;"IN";"Bengaluru";"Karnataka";"Индия";1;0;1;0;0;0;0;1;1;1;0;"128.199.23.21";269;18;37;"128.199.23.21"
"123.139.36.116";8118;"CN";"Xi'an";"Shaanxi";"Китай";1;0;1;0;0;0;0;0;0;1;0;"123.139.36.116";269;93;3;"123.139.36.116"
"120.25.199.3";10001;"CN";"Shenzhen";"Guangdong";"Китай";1;0;1;0;0;0;0;0;0;1;0;"120.25.199.3";269;10638;6281;"120.25.199.3"
"117.250.3.58";8080;"IN";"Kolkata";"West Bengal";"Индия";1;1;1;1;0;0;0;1;0;0;0;"117.250.3.58";261;1543;537;"static.ill.117.250.3.58.bsnl.co.in"
"115.77.130.235";10025;"VN";"Hanoi";"Hanoi";"Вьетнам";1;1;1;0;0;1;0;1;1;1;0;"115.72.40.7";405;65;0;"115.72.40.7"
"115.77.130.166";10015;"VN";"Vng Tu";"B Ra–Vng Tu Province";"Вьетнам";1;1;1;0;0;0;0;1;1;1;0;"115.74.5.82";405;79;2;"115.74.5.82"
"113.172.98.210";1030;"VN";"Ho Chi Minh City";"Ho Chi Minh";"Вьетнам";1;0;1;0;0;0;0;0;1;0;0;"123.20.30.73";271;22;2;"static.vdc.com.vn"
"113.172.98.210";1026;"VN";"Qun Bnh Thnh";"Ho Chi Minh";"Вьетнам";1;0;1;0;0;0;0;1;1;1;0;"113.172.126.7";271;32;5;"static.vnpt.vn"
"113.172.98.210";1018;"VN";"Ho Chi Minh City";"Ho Chi Minh";"Вьетнам";1;1;1;0;0;0;0;1;0;0;0;"123.20.180.57";271;27;1;"123.20.180.57"
"113.11.183.85";8080;"ID";"Kediri";"East Java";"Индонезия";1;0;1;0;0;0;0;0;0;0;0;"113.11.183.85";1362;240;788;"113.11.183.85"
"110.43.221.121";7088;"CN";"Shanghai";"Shanghai";"Китай";1;0;1;0;0;0;0;0;0;0;0;"42.81.157.159";406;449;93;"42.81.157.159"
"103.130.61.61";8081;"ID";"";"";"Индонезия";1;0;1;0;0;0;0;0;0;0;0;"103.130.61.61";273;4561;235;"103.130.61.61"
"95.143.191.163";38671;"RU";"Moscow";"Moscow";"Россия";1;1;1;0;0;0;0;1;1;1;0;"95.143.191.163";150;435;0;"95.143.191.163"
"95.47.239.221";3128;"UZ";"Tashkent";"Tashkent";"Узбекистан";1;1;1;0;0;0;0;1;1;1;0;"95.47.239.221";150;7009;2317;"95.47.239.221"
"94.159.103.35";1080;"DE";"Frankfurt am Main";"Hesse";"ФРГ";1;1;1;1;1;0;0;1;1;1;0;"94.159.103.35";132;132;0;"94.159.103.35"
"91.83.203.236";8181;"HU";"Fldek";"Csongrd megye";"Венгрия";1;1;1;0;0;0;0;1;1;0;0;"91.83.203.236";150;10;0;"91-83-203-236.pool.digikabel.hu"
"80.76.42.56";3128;"RU";"Moscow";"Moscow";"Россия";1;0;1;0;0;0;0;1;1;1;0;"80.76.42.56";158;314;12;"634410.myvds.top"
"77.110.107.9";1080;"DE";"Frankfurt am Main";"Hesse";"ФРГ";1;1;1;0;1;0;0;1;1;1;0;"77.110.107.9";145;52;0;"77.110.107.9"
"74.176.179.36";3128;"JP";"Tokyo";"Tokyo";"Япония";1;0;1;0;0;0;0;1;1;1;0;"74.176.179.36";293;10;0;"74.176.179.36"
"72.10.164.178";32181;"NP";"Kathmandu";"Bagmati Province";"Непал";1;1;1;0;0;0;0;1;1;1;0;"27.34.66.237";151;7;0;"27.34.66.237"
"72.10.164.178";30615;"FR";"Rennes";"Ille-et-Vilaine";"Франция";1;1;1;0;0;0;0;1;1;1;0;"81.53.120.44";150;7;0;"lfbn-ren-1-538-44.w81-53.abo.wanadoo.fr"
"72.10.164.178";29607;"CA";"Burnaby";"British Columbia";"Канада";1;1;1;0;0;0;0;1;1;1;0;"38.41.209.10";150;7;0;"38.41.209.10"
"72.10.164.178";28245;"IN";"New Delhi";"National Capital Territory of Delhi";"Индия";1;1;1;0;0;0;0;1;1;1;0;"106.219.232.204";150;7;0;"106.219.232.204"
"72.10.164.178";27469;"IN";"Chennai";"Tamil Nadu";"Индия";1;1;1;0;0;0;0;1;1;1;0;"115.97.51.214";150;25;0;"115.97.51.214"
"72.10.164.178";25177;"PH";"Cagayan de Oro";"Province of Misamis Oriental";"Филиппины";1;0;1;0;0;1;0;1;1;1;0;"120.28.220.241";150;7;0;"120.28.220.241"
"72.10.164.178";21885;"MY";"Kuala Lumpur";"Kuala Lumpur";"Малайзия";1;1;1;0;0;0;0;1;1;1;0;"161.142.146.92";150;7;0;"161.142.146.92"
"72.10.164.178";21769;"CA";"Windsor";"Ontario";"Канада";1;1;1;0;0;0;0;0;0;0;0;"98.143.76.245";150;42;0;"dyn98-143-76-245.hsia.mnsi.net"
"72.10.164.178";21663;"BG";"Sofia";"Sofia-Capital";"Болгария";1;1;1;0;0;1;0;1;1;1;0;"78.154.14.71";150;7;0;"78.154.14.71"
"72.10.164.178";19353;"ID";"Surabaya";"East Java";"Индонезия";1;1;1;0;0;0;0;0;0;0;0;"36.90.51.18";150;7;0;"36.90.51.18"
"72.10.164.178";17499;"ID";"Bandung";"West Java";"Индонезия";1;0;1;0;0;0;0;1;1;1;0;"114.10.47.207";158;7;0;"114.10.47.207"
"72.10.164.178";17081;"MY";"Kampung Sitiawan";"Perak";"Малайзия";1;1;1;0;0;0;0;0;0;0;0;"180.75.148.47";150;7;0;"180.75.148.47"
"72.10.164.178";16557;"IN";"Guwahati";"Assam";"Индия";1;1;1;0;0;1;0;1;1;1;0;"49.37.102.43";150;7;0;"49.37.102.43"
"72.10.164.178";14481;"IN";"Valappakudi";"Tamil Nadu";"Индия";1;1;1;0;0;0;0;1;1;1;0;"117.205.114.103";150;7;0;"117.205.114.103"
"72.10.164.178";12661;"US";"Riverview";"Florida";"США";1;0;1;0;0;0;0;1;1;1;0;"68.200.224.37";150;37;3;"68.200.224.37"
"72.10.164.178";12625;"IN";"Mumbai";"Maharashtra";"Индия";1;1;1;0;0;1;0;1;1;1;0;"45.127.45.183";150;7;0;"45.127.45.183"
"72.10.164.178";7353;"VN";"Ho Chi Minh City";"Ho Chi Minh";"Вьетнам";1;1;1;0;0;0;0;1;1;1;0;"113.161.68.212";150;7;0;"static.vnpt.vn"
"72.10.164.178";2375;"AE";"Dubai";"Dubai";"ОАЭ";1;1;1;0;0;0;0;1;1;1;0;"2.51.44.235";150;7;0;"bba-2-51-44-235.alshamil.net.ae"
"72.10.164.178";1997;"AE";"Al Ain City";"Abu Dhabi";"ОАЭ";1;1;1;0;0;0;0;1;1;1;0;"217.164.80.147";150;7;0;"217.164.80.147"
"72.10.160.171";21001;"PK";"Lahore";"Punjab";"Пакистан";1;0;1;0;0;0;0;1;0;1;0;"139.135.35.26";150;9;0;"139.135.35.26"
"72.10.160.170";32143;"TW";"Kaohsiung";"Kaohsiung";"Тайвань";1;1;1;0;0;0;0;1;1;1;0;"1.174.106.200";150;15;0;"1.174.106.200"
"72.10.160.170";31335;"US";"North Richland Hills";"Texas";"США";1;1;1;0;0;0;0;1;1;1;0;"99.106.34.87";150;10;0;"99-106-34-87.lightspeed.rcsntx.sbcglobal.net"
"72.10.160.170";31021;"CO";"Medelln";"Antioquia";"Колумбия";1;1;1;0;0;0;0;1;1;1;0;"186.121.33.31";150;10;0;"adsl-pool34-31.metrotel.net.co"
"72.10.160.170";28887;"US";"Roseville";"California";"США";1;1;1;0;0;0;0;1;1;1;0;"98.208.111.156";150;10;0;"c-98-208-111-156.hsd1.ca.comcast.net"
"72.10.160.170";23555;"ID";"Jakarta";"Jakarta";"Индонезия";1;1;1;0;0;0;0;1;1;1;0;"182.253.58.193";150;10;0;"182.253.58.193"
"72.10.160.170";21205;"AE";"Abu Dhabi";"Abu Dhabi";"ОАЭ";1;1;1;0;0;0;0;1;1;1;0;"2.50.203.187";150;10;0;"bba-2-50-203-187.alshamil.net.ae"
"72.10.160.170";18019;"IN";"";"Tamil Nadu";"Индия";1;1;1;0;0;0;0;1;1;1;0;"223.185.18.118";150;15;0;"223.185.18.118"
"72.10.160.170";11457;"MY";"Johor Bahru";"Johor";"Малайзия";1;1;1;0;0;0;0;1;1;1;0;"180.75.6.247";150;10;0;"180.75.6.247"
"72.10.160.170";7065;"AR";"Rawson";"Chubut";"Аргентина";1;1;1;0;0;0;0;1;1;1;0;"201.221.103.238";150;10;0;"201.221.103.238"
"72.10.160.91";25051;"ID";"Jakarta";"Jakarta";"Индонезия";1;1;1;0;0;0;0;1;1;1;0;"103.3.221.143";150;33;3;"103.3.221.143"
"72.10.160.90";32961;"BD";"Dhaka";"Dhaka";"Бангладеш";1;1;1;0;0;0;0;1;1;1;0;"59.153.103.28";150;10;0;"59.153.103.28"
"72.10.160.90";32835;"IN";"Chennai";"Tamil Nadu";"Индия";1;1;1;0;0;0;0;0;0;0;0;"106.219.180.175";150;20;1;"106.219.180.175"
"72.10.160.90";21899;"MM";"Yangon";"Yangon";"Мьянма (Бирма)";1;1;1;0;0;0;0;0;1;1;0;"38.158.205.176";150;10;0;"38.158.205.176"
"72.10.160.90";11237;"IN";"Jaipur";"Rajasthan";"Индия";1;1;1;0;0;0;0;1;1;1;0;"49.36.233.132";150;7;1;"49.36.233.132"
"67.43.236.19";26439;"TW";"Tainan City";"Tainan";"Тайвань";1;0;1;0;0;0;0;1;1;1;0;"123.205.171.12";272;9;4;"123-205-171-12.adsl.dynamic.seed.net.tw"
"67.43.236.18";17465;"BD";"Dhaka";"Dhaka";"Бангладеш";1;1;1;0;0;0;0;1;1;1;0;"103.145.210.7";153;15;0;"103.145.210.7"
"67.43.236.18";12695;"IN";"Mohali";"Punjab";"Индия";1;1;1;0;0;0;0;1;1;1;0;"38.183.10.32";153;22;4;"38.183.10.32"
"67.43.236.18";4273;"IN";"Chandigarh";"Chandigarh";"Индия";1;1;1;0;0;0;0;1;1;1;0;"122.173.26.239";153;25;3;"abts-north-dynamic-239.26.173.122.airtelbroadband.in"
"67.43.228.250";22303;"PH";"Pasig";"Metro Manila";"Филиппины";1;1;1;0;0;0;0;1;1;1;0;"152.32.98.184";153;15;0;"184.98.32.152.convergeict.com"
"67.43.228.250";21933;"ID";"Malang";"East Java";"Индонезия";1;1;1;0;0;0;0;1;1;1;0;"180.248.29.154";271;15;0;"180.248.29.154"
"65.108.203.36";18080;"NO";"";"";"Норвегия";1;0;1;0;0;1;0;0;0;1;0;"77.111.247.13";146;35;64;"77.111.247.13"
"62.33.53.248";3128;"RU";"Yakutsk";"Sakha";"Россия";1;0;1;0;0;0;0;0;0;0;0;"62.33.53.248";3086;26;60;"62.33.53.248"
"57.129.81.201";999;"DE";"Frankfurt am Main";"Hesse";"ФРГ";1;1;1;0;0;0;0;0;1;1;0;"57.129.81.201";146;1847;22;"vps-394e8f0d.vps.ovh.net"
"54.155.127.16";8888;"IE";"Dublin";"Leinster";"Ирландия";1;0;1;0;0;1;0;1;1;1;0;"54.155.127.16";146;12861;39;"ec2-54-155-127-16.eu-west-1.compute.amazonaws.com"
"49.145.62.151";8082;"PH";"Hagonoy";"Province of Bulacan";"Филиппины";1;0;1;0;0;0;0;1;1;1;0;"124.105.181.121";397;218;167;"124.105.181.121"
"49.48.97.86";8080;"TH";"Khon Kaen";"Khon Kaen";"Таиланд";1;0;1;0;0;0;0;0;0;1;0;"49.48.97.86";272;115;15;"49.48.97.86"
"47.92.93.226";8888;"CN";"Beijing";"Beijing";"Китай";1;1;1;0;0;0;0;0;0;0;0;"47.92.93.226";272;6133;3841;"47.92.93.226"
"46.101.104.251";41167;"DE";"Frankfurt am Main";"Hesse";"ФРГ";1;1;1;0;0;0;0;1;1;1;0;"46.101.104.251";148;128;0;"46.101.104.251"
"45.143.222.38";8081;"NL";"Amsterdam";"North Holland";"Нидерланды";1;0;1;0;0;0;0;1;1;1;0;"45.143.222.38";148;326;2;"45.143.222.38"
"45.140.143.77";18080;"NL";"Amsterdam";"North Holland";"Нидерланды";1;1;1;0;1;0;0;1;1;1;0;"45.140.143.77";147;28253;203;"hosted-by.royalehosting.net"
"45.33.83.121";3128;"US";"Cedar Knolls";"New Jersey";"США";1;0;1;0;0;0;0;1;1;1;0;"45.33.83.121";153;81;691;"node6do.kolaybetguncelgiris.com"
"39.105.27.30";3128;"CN";"Beijing";"Beijing";"Китай";1;0;1;0;0;0;0;0;0;1;0;"39.105.27.30";273;8432;375;"39.105.27.30"
"27.79.255.49";16000;"VN";"Hanoi";"Hanoi";"Вьетнам";1;1;1;0;0;0;0;1;1;1;0;"27.79.255.49";400;7;2;"27.79.255.49"
"14.167.210.242";8080;"VN";"Vng Tu";"B Ra–Vng Tu Province";"Вьетнам";1;0;1;0;0;1;0;1;1;1;0;"14.167.210.243";275;126;48;"14.167.210.243"
"8.155.13.55";3128;"CN";"";"Fujian";"Китай";1;0;1;0;0;0;0;0;0;1;0;"8.155.13.55";275;151;2;"8.155.13.55"
"8.142.8.147";8999;"CN";"Beijing";"Beijing";"Китай";1;0;1;0;0;0;0;0;0;1;0;"8.142.8.147";275;835;2;"8.142.8.147"
"157.175.152.241";1080;"BH";"";"Southern Governorate";"Бахрейн";1;0;1;0;0;1;0;1;1;1;0;"157.175.152.241";289;62;413;"ec2-157-175-152-241.me-south-1.compute.amazonaws.com"
"223.206.56.78";8080;"TH";"Bang Lamung";"Chon Buri";"Таиланд";1;0;1;0;0;0;0;1;1;1;0;"223.206.56.78";255;107;4;"mx-ll-223.206.56-78.dynamic.3bb.co.th"
"219.145.250.129";7890;"CN";"";"";"Китай";1;1;1;1;1;0;0;1;0;0;0;"219.145.250.129";304;149;3;"219.145.250.129"
"202.58.200.60";8080;"ID";"Malang";"East Java";"Индонезия";1;0;1;0;0;0;0;0;0;0;0;"202.58.200.60";271;1662;6656;"ip-60-200-58-202.globalxtreme.net"
"189.164.103.123";8080;"MX";"Puebla City";"Puebla";"Мексика";1;0;1;0;0;0;0;1;1;1;0;"189.164.103.123";257;211;47;"189.164.103.123"
"182.253.177.76";3128;"ID";"";"";"Индонезия";1;0;1;0;0;0;0;1;1;1;0;"182.253.177.76";266;43;0;"182.253.177.76"
"182.53.20.66";8080;"TH";"Si Racha";"Chon Buri";"Таиланд";1;0;1;0;0;0;0;1;1;1;0;"182.53.20.66";266;149;9;"node-402.pool-182-53.dynamic.totinternet.net"
"180.251.123.69";3128;"ID";"Surabaya";"East Java";"Индонезия";1;0;1;0;0;0;0;1;1;1;0;"180.251.123.69";396;50;0;"180.251.123.69"
"172.233.211.45";3128;"US";"Chicago";"Illinois";"США";1;0;1;0;0;0;0;1;1;1;0;"172.233.211.45";268;151;31;"172.233.211.45"
"172.233.66.44";3128;"JP";"Osaka";"Osaka";"Япония";1;0;1;0;0;0;0;1;1;1;0;"172.233.66.44";399;132;2;"172-233-66-44.ip.linodeusercontent.com"
"172.233.6.210";3128;"BR";"So Paulo";"So Paulo";"Бразилия";1;0;1;0;0;0;0;1;1;1;0;"172.233.6.210";269;166;0;"nodeu15.mylabelsuit.com"
"171.7.208.54";8080;"TH";"Hat Yai";"Songkhla";"Таиланд";1;0;1;0;0;0;0;1;1;1;0;"171.7.208.54";270;63;0;"171.7.208.54"
"171.7.83.236";8080;"TH";"Bangkok";"Bangkok";"Таиланд";1;0;1;0;0;1;0;0;1;1;0;"171.7.83.236";270;35;0;"171.7.83.236"
"171.7.13.135";8080;"TH";"Bangkok";"Bangkok";"Таиланд";1;0;1;0;0;0;0;0;1;1;0;"171.7.13.135";270;63;0;"171.7.13.135"
"171.6.9.192";8080;"TH";"Bangkok";"Bangkok";"Таиланд";1;0;1;0;0;0;0;1;1;1;0;"171.6.9.192";271;133;5;"mx-ll-171.6.9-192.dynamic.3bb.co.th"
"171.5.112.120";8080;"TH";"Bangkok";"Bangkok";"Таиланд";1;0;1;0;0;0;0;1;1;1;0;"171.5.112.120";271;77;4;"171.5.112.120"
"165.22.19.0";3128;"DE";"Frankfurt am Main";"Hesse";"ФРГ";1;0;1;0;0;0;0;1;1;1;0;"165.22.19.0";150;116;175;"165.22.19.0"
"157.245.159.127";3128;"SG";"";"";"Сингапур";1;0;1;0;0;0;0;1;1;1;0;"157.245.159.127";271;277;339;"157.245.159.127"
"157.15.66.105";8080;"ID";"Tulungagung";"East Java";"Индонезия";1;0;1;0;0;0;0;1;1;1;0;"157.15.66.71";271;329;117;"157.15.66.71"
"146.190.200.26";3128;"SG";"";"";"Сингапур";1;0;1;0;0;0;0;1;1;1;0;"178.128.63.62";271;38;0;"178.128.63.62"
"135.181.43.209";3128;"FI";"Helsinki";"Uusimaa";"Финляндия";1;0;1;0;0;0;0;1;1;0;0;"135.181.43.209";151;82;45;"135.181.43.209"
"125.24.83.2";8080;"TH";"Bangkok";"Bangkok";"Таиланд";1;0;1;0;0;0;0;1;1;1;0;"125.24.83.2";272;60;0;"node-gea.pool-125-24.dynamic.nt-isp.net"
"124.106.193.197";8082;"PH";"Manila";"Metro Manila";"Филиппины";1;0;1;0;0;0;0;1;1;1;0;"124.106.193.197";401;109;0;"124.106.193.197"
"120.79.192.38";8080;"CN";"Shenzhen";"Guangdong";"Китай";1;1;1;0;0;0;0;0;0;0;0;"120.79.192.38";272;281;0;"120.79.192.38"
"120.79.74.83";9092;"CN";"Shenzhen";"Guangdong";"Китай";1;1;1;0;0;0;0;0;0;0;0;"120.79.74.83";272;933;3;"120.79.74.83"
"116.109.132.26";8080;"VN";"";"";"Вьетнам";1;0;1;0;0;0;0;1;1;1;0;"116.109.132.26";401;29;0;"116.109.132.26"
"115.72.12.150";10032;"VN";"Ho Chi Minh City";"Ho Chi Minh";"Вьетнам";1;1;1;0;0;0;0;1;1;1;0;"115.77.140.204";403;81;0;"adsl.viettel.vn"
"115.72.12.150";10031;"VN";"Ho Chi Minh City";"Ho Chi Minh";"Вьетнам";1;1;1;0;0;0;0;1;1;1;0;"115.77.133.33";403;81;0;"115.77.133.33"
"115.72.12.150";10012;"VN";"Hanoi";"Hanoi";"Вьетнам";1;1;1;0;0;0;0;1;1;1;0;"115.72.46.5";403;45;0;"adsl.viettel.vn"
"113.172.98.210";1025;"VN";"Ho Chi Minh City";"Ho Chi Minh";"Вьетнам";1;1;1;0;0;0;0;0;1;0;0;"123.20.58.106";279;32;1;"123.20.58.106"
"113.132.112.79";9000;"CN";"Xi'an";"Shaanxi";"Китай";1;0;1;0;0;0;0;0;0;0;0;"113.132.112.79";403;272;78;"113.132.112.79"
"112.201.187.177";8082;"PH";"Taguig";"Metro Manila";"Филиппины";1;0;1;0;0;0;0;1;1;1;0;"112.201.187.177";403;374;137;"112.201.187.177"
"103.216.57.94";8080;"BD";"Gazipur";"Gazipur";"Бангладеш";1;0;1;0;0;0;0;0;1;1;0;"103.216.57.94";1408;60;2;"103.216.57.94"
"103.57.38.243";8080;"ID";"Bandung";"West Java";"Индонезия";1;0;1;0;0;0;0;1;1;1;0;"103.57.38.243";280;172;39;"103.57.38.243"
"101.109.224.255";8080;"TH";"Bangkok";"Bangkok";"Таиланд";1;0;1;0;0;0;0;1;1;1;0;"101.109.224.255";280;56;0;"node-18fz.pool-101-109.dynamic.nt-isp.net"
"101.109.213.126";8080;"TH";"Bangkok";"Bangkok";"Таиланд";1;0;1;0;0;0;0;1;1;0;0;"101.109.213.126";280;300;173;"node-1666.pool-101-109.dynamic.totinternet.net"
"101.109.174.48";8080;"TH";"Bangkok";"Bangkok";"Таиланд";1;0;1;0;0;0;0;1;1;1;0;"101.109.174.48";280;42;0;"node-yeo.pool-101-109.dynamic.totinternet.net"
"101.109.157.12";8080;"TH";"Bang Lamung";"Chon Buri";"Таиланд";1;0;1;0;0;0;0;0;0;0;0;"101.109.157.12";280;294;171;"node-v0s.pool-101-109.dynamic.nt-isp.net"
"92.124.154.154";8080;"RU";"Omsk";"Omsk Oblast";"Россия";1;1;1;0;0;0;0;0;0;0;0;"92.124.154.154";160;33652;38369;"92.124.154.154"
"72.10.164.178";32645;"IN";"Hyderabad";"Telangana";"Индия";1;1;1;0;0;0;0;1;1;1;0;"183.83.166.169";161;24;0;"183.83.166.169"
"72.10.164.178";31265;"IN";"Ahmedabad";"Gujarat";"Индия";1;1;1;0;0;0;0;1;1;1;0;"49.36.67.4";161;30;0;"49.36.67.4"
"72.10.164.178";27997;"MY";"Bangi";"Selangor";"Малайзия";1;1;1;0;0;0;0;1;1;1;0;"103.97.142.2";161;17;0;"103.97.142.2"
"72.10.164.178";27201;"US";"Montclair";"New Jersey";"США";1;1;1;0;0;0;0;1;1;1;0;"98.109.132.80";161;22;0;"pool-98-109-132-80.nwrknj.fios.verizon.net"
"72.10.164.178";22355;"SG";"";"";"Сингапур";1;1;1;0;0;0;0;1;1;1;0;"223.25.76.123";161;22;0;"223.25.76.123"
"72.10.164.178";19409;"CL";"Santiago";"Santiago Metropolitan";"Чили";1;1;1;0;0;0;0;1;1;1;0;"201.188.122.203";161;27;0;"201.188.122.203"
"72.10.164.178";18575;"TW";"Taichung";"Taichung City";"Тайвань";1;1;1;0;0;0;0;1;1;1;0;"61.223.6.30";161;27;0;"61.223.6.30"
"72.10.164.178";14697;"CO";"Cartagena";"Departamento de Bolvar";"Колумбия";1;1;1;0;0;0;0;1;1;1;0;"177.254.87.213";161;130;3;"177.254.87.213"
"72.10.164.178";14335;"AE";"Dubai";"Dubai";"ОАЭ";1;1;1;0;0;0;0;1;1;1;0;"217.165.139.55";161;27;0;"bba-217-165-139-55.alshamil.net.ae"
"72.10.164.178";13379;"US";"Fort Myers";"Florida";"США";1;1;1;0;0;0;0;1;1;1;0;"73.107.55.139";161;27;0;"c-73-107-55-139.hsd1.fl.comcast.net"
"72.10.164.178";13147;"LK";"Maharagama";"Colombo District";"Шри-Ланка";1;1;1;0;0;0;0;1;1;1;0;"112.135.215.37";161;19;0;"v4.dns.slt.lk"
"72.10.164.178";12045;"ID";"Pekanbaru";"Riau";"Индонезия";1;1;1;0;0;0;0;1;1;1;0;"182.1.48.120";161;19;0;"182.1.48.120"
"72.10.164.178";8533;"ID";"Sukoharjo";"Central Java";"Индонезия";1;1;1;0;0;0;0;1;1;1;0;"36.65.69.224";161;19;0;"36.65.69.224"
"72.10.164.178";8467;"KW";"As Slimyah";"Hawalli";"Кувейт";1;0;1;0;0;0;0;1;1;1;0;"188.70.12.101";161;19;0;"188.70.12.101"
"72.10.164.178";7285;"BH";"Tbl";"Manama";"Бахрейн";1;1;1;0;0;0;0;1;1;1;0;"88.201.68.150";161;19;0;"88.201.68.150"
"72.10.164.178";6461;"CO";"Santiago de Cali";"Valle del Cauca Department";"Колумбия";1;1;1;0;0;0;0;1;1;1;0;"181.54.0.165";161;37;1;"181.54.0.165"
"72.10.164.178";6033;"TH";"Bangkok";"Bangkok";"Таиланд";1;1;1;0;0;0;0;1;1;1;0;"124.122.187.214";161;46;0;"124.122.187.214"
"72.10.164.178";5825;"MY";"Kuala Lumpur";"Kuala Lumpur";"Малайзия";1;1;1;0;0;0;0;1;1;1;0;"113.211.215.94";160;46;0;"113.211.215.94"
"72.10.164.178";4577;"CA";"Lethbridge";"Alberta";"Канада";1;1;1;0;0;0;0;1;1;1;0;"70.65.65.167";160;30;0;"70.65.65.167"
"72.10.164.178";3961;"MY";"Taiping";"Perak";"Малайзия";1;1;1;0;0;0;0;1;1;1;0;"175.136.107.194";160;44;0;"175.136.107.194"
"72.10.164.178";3873;"PK";"Sargodha";"Punjab";"Пакистан";1;1;1;0;0;0;0;1;0;1;0;"39.52.109.145";160;22;0;"39.52.109.145"
"72.10.160.170";32907;"AE";"Dubai";"Dubai";"ОАЭ";1;1;1;0;0;0;0;1;1;1;0;"217.165.234.1";160;25;0;"217.165.234.1"
"72.10.160.170";31135;"IN";"Mumbai";"Maharashtra";"Индия";1;1;1;0;0;0;0;1;1;1;0;"59.153.0.214";160;17;0;"214.0.153.59.mipl.com"
"72.10.160.170";30465;"TH";"Khon Kaen";"Khon Kaen";"Таиланд";1;1;1;0;0;0;0;0;0;0;0;"223.206.242.134";160;7;0;"223.206.242.134"
"72.10.160.170";26863;"ID";"Semarang";"Central Java";"Индонезия";1;1;1;0;0;0;0;1;1;1;0;"125.166.228.208";161;44;0;"125.166.228.208"
"72.10.160.170";23419;"TH";"Pathum Thani";"Pathum Thani";"Таиланд";1;1;1;0;0;0;0;1;1;1;0;"118.172.198.244";160;41;0;"118.172.198.244"
"72.10.160.170";22495;"US";"Sugar Grove";"Illinois";"США";1;1;1;0;0;0;0;1;1;1;0;"206.225.76.12";160;7;0;"206.225.76.12"
"72.10.160.170";21479;"MX";"Iztapalapa";"Mexico City";"Мексика";1;1;1;0;0;0;0;1;1;1;0;"187.190.158.162";160;25;0;"fixed-187-190-158-162.totalplay.net"
"72.10.160.170";17511;"ID";"Cirebon";"West Java";"Индонезия";1;1;1;0;0;0;0;1;1;1;0;"139.195.56.166";160;7;0;"139.195.56.166"
"72.10.160.170";6061;"IN";"Coimbatore";"Tamil Nadu";"Индия";1;1;1;0;0;0;0;1;1;1;0;"49.47.218.240";160;77;1;"49.47.218.240"
"72.10.160.170";5107;"AE";"Sharjah";"Sharjah";"ОАЭ";1;1;1;0;0;0;0;1;1;1;0;"5.107.201.73";160;22;0;"5.107.201.73"
"72.10.160.170";3689;"LB";"";"";"Ливан";1;1;1;0;0;1;0;1;1;1;0;"77.246.75.93";160;7;0;"77.246.75.93"
"72.10.160.90";30777;"IN";"Jaipur";"Rajasthan";"Индия";1;1;1;0;0;1;0;1;1;1;0;"49.36.232.87";161;7;0;"49.36.232.87"
"72.10.160.90";29835;"SG";"";"";"Сингапур";1;1;1;0;0;0;0;1;1;1;0;"116.87.90.128";161;32;0;"128.90.87.116.starhub.net.sg"
"72.10.160.90";28035;"PH";"Davao City";"Province of Davao del Sur";"Филиппины";1;1;1;0;0;0;0;1;1;1;0;"126.209.51.10";161;7;0;"126.209.51.10"
"72.10.160.90";23873;"MX";"Tijuana";"Baja California";"Мексика";1;1;1;0;0;0;0;1;1;1;0;"201.142.177.187";160;49;0;"201.142.177.187"
"72.10.160.90";22943;"PK";"Lahore";"Punjab";"Пакистан";1;1;1;0;0;0;0;0;0;1;0;"182.191.70.126";160;24;0;"182.191.70.126"
"72.10.160.90";21673;"AR";"Chivilcoy";"Buenos Aires";"Аргентина";1;1;1;0;0;0;0;1;1;1;0;"181.230.126.126";160;17;0;"181.230.126.126"
"72.10.160.90";18523;"PE";"Lima";"Lima Province";"Перу";1;1;1;0;0;1;0;1;1;1;0;"179.6.5.48";160;39;0;"179.6.5.48"
"72.10.160.90";18057;"CO";"Bogot";"Bogota D.C.";"Колумбия";1;1;1;0;0;0;0;1;1;1;0;"181.53.99.112";160;54;0;"181.53.99.112"
"72.10.160.90";17919;"KR";"Songpa-gu";"Seoul";"Республика Корея";1;1;1;0;0;1;0;1;1;1;0;"211.209.55.218";160;7;0;"211.209.55.218"
"72.10.160.90";17657;"TH";"Bangkok";"Bangkok";"Таиланд";1;1;1;0;0;0;0;1;1;1;0;"171.101.163.43";160;7;0;"171.101.163.43"
"72.10.160.90";17497;"ID";"Mataram";"West Nusa Tenggara";"Индонезия";1;1;1;0;0;0;0;1;1;1;0;"125.164.35.153";160;30;0;"125.164.35.153"
"72.10.160.90";16795;"PK";"Lahore";"Punjab";"Пакистан";1;1;1;0;0;0;0;1;0;1;0;"182.176.168.81";160;17;0;"182.176.168.81"
"72.10.160.90";14971;"US";"Meridian";"Idaho";"США";1;1;1;0;0;1;0;1;1;1;0;"174.27.187.212";160;34;0;"174.27.187.212"
"72.10.160.90";13821;"IN";"Noida";"Uttar Pradesh";"Индия";1;1;1;0;0;0;0;1;1;1;0;"122.161.50.163";160;20;0;"abts-north-dynamic-163.50.161.122.airtelbroadband.in"
"72.10.160.90";12485;"ID";"Bandung";"West Java";"Индонезия";1;1;1;0;0;0;0;1;1;1;0;"182.253.124.133";160;32;1;"182.253.124.133"
"72.10.160.90";12089;"HK";"";"";"Гонконг";1;1;1;0;0;0;0;1;1;1;0;"161.81.92.67";160;44;1;"161.81.92.67.hk.chinamobile.com"
"72.10.160.90";11581;"IN";"New Delhi";"National Capital Territory of Delhi";"Индия";1;1;1;0;0;0;0;1;1;1;0;"106.219.166.12";160;41;2;"106.219.166.12"
"72.10.160.90";11263;"ID";"Medan";"North Sumatra";"Индонезия";1;1;1;0;0;0;0;1;1;1;0;"36.76.102.239";160;49;0;"36.76.102.239"
"72.10.160.90";10743;"ID";"Samarinda";"East Kalimantan";"Индонезия";1;1;1;0;0;0;0;1;1;1;0;"36.85.62.167";160;49;0;"36.85.62.167"
"72.10.160.90";9243;"US";"Silver Spring";"Maryland";"США";1;1;1;0;0;0;0;1;1;1;0;"73.132.130.90";160;17;0;"c-73-132-130-90.hsd1.md.comcast.net"
"72.10.160.90";9229;"IN";"Bengaluru";"Karnataka";"Индия";1;1;1;0;0;0;0;1;1;1;0;"49.37.176.162";160;17;0;"49.37.176.162"
"72.10.160.90";8535;"CA";"Edmonton";"Alberta";"Канада";1;1;1;0;0;0;0;1;1;1;0;"205.206.188.185";160;20;0;"d205-206-188-185.abhsia.telus.net"
"72.10.160.90";7559;"PH";"Bacolod City";"Province of Negros Occidental";"Филиппины";1;1;1;0;0;0;0;0;0;0;0;"110.54.223.243";160;7;0;"110.54.223.243"
"72.10.160.90";7439;"IN";"Bengaluru";"Karnataka";"Индия";1;1;1;0;0;0;0;1;1;1;0;"49.206.3.254";160;22;0;"49.206.3.254"
"72.10.160.90";5929;"IN";"Surat";"Gujarat";"Индия";1;1;1;0;0;0;0;1;1;1;0;"49.36.91.14";160;7;0;"49.36.91.14"
"72.10.160.90";4169;"CA";"Vancouver";"British Columbia";"Канада";1;1;1;0;0;0;0;1;1;1;0;"108.172.228.208";160;17;0;"d108-172-228-208.bchsia.telus.net"
"72.10.160.90";4039;"ID";"Pengarengan";"Jakarta";"Индонезия";1;1;1;0;0;0;0;1;1;1;0;"203.128.74.34";160;7;0;"ip-34-74-128-203.neuviz.net.id"
"72.10.160.90";3283;"PE";"Huancayo";"Junin";"Перу";1;1;1;0;0;0;0;1;1;1;0;"38.211.62.14";160;24;0;"38.211.62.14"
"72.10.160.90";1377;"PK";"Karachi";"Sindh";"Пакистан";1;1;1;0;0;0;0;1;0;1;0;"175.107.223.11";160;44;0;"175.107.223.11"
"67.43.236.19";3367;"TW";"Tainan City";"Tainan";"Тайвань";1;1;1;0;0;0;0;1;1;1;0;"220.143.213.86";160;7;1;"220.143.213.86"
"67.43.236.18";31959;"JP";"Shizuoka";"Shizuoka";"Япония";1;1;1;0;0;0;0;1;1;1;0;"115.38.134.161";160;10;0;"115-38-134-161.area61b.commufa.jp"
"67.43.236.18";31379;"UG";"Kampala";"Kampala District";"Уганда";1;1;1;0;0;0;0;0;1;1;0;"41.210.143.221";160;25;0;"hfdd.n1.ips.mtn.co.ug"
"67.43.236.18";29127;"IN";"Bengaluru";"Karnataka";"Индия";1;1;1;0;0;0;0;1;1;1;0;"223.185.128.122";160;17;0;"223.185.128.122"
"67.43.236.18";27877;"MX";"Iztapalapa";"Mexico City";"Мексика";1;1;1;0;0;0;0;1;1;0;0;"187.190.190.124";160;22;0;"fixed-187-190-190-124.totalplay.net"
"67.43.236.18";26195;"MX";"San Martn de Hidalgo";"Jalisco";"Мексика";1;1;1;0;0;0;0;1;1;1;0;"177.242.131.2";160;10;0;"customer-gdl-131-2.megared.net.mx"
"67.43.236.18";22835;"BR";"Ilhus";"Bahia";"Бразилия";1;1;1;0;0;0;0;1;1;1;0;"138.117.176.34";160;20;0;"138.117.176.34"
"67.43.236.18";21009;"ID";"";"";"Индонезия";1;1;1;0;0;0;0;1;1;1;0;"103.165.218.113";160;20;0;"103.165.218.113"
"67.43.236.18";17649;"CO";"Santiago de Cali";"Valle del Cauca Department";"Колумбия";1;1;1;0;0;0;0;1;1;1;0;"201.184.43.91";160;10;0;"201.184.43.91"
"67.43.236.18";17479;"PH";"Lipa City";"Province of Batangas";"Филиппины";1;1;1;0;0;0;0;1;1;1;0;"180.195.193.70";160;17;0;"180.195.193.70"
"67.43.236.18";17255;"TW";"Taichung";"Taichung City";"Тайвань";1;1;1;0;0;0;0;1;1;1;0;"1.165.65.74";160;10;0;"1.165.65.74"
"67.43.236.18";16329;"IN";"Kochi";"Kerala";"Индия";1;1;1;0;0;0;0;1;1;1;0;"103.183.83.150";160;27;1;"103.183.83.150"
"67.43.236.18";14239;"SA";"Jeddah";"Mecca Region";"Саудовская Аравия";1;1;1;0;0;0;0;1;1;1;0;"93.112.157.149";160;25;0;"93.112.157.149"
"67.43.236.18";8777;"ID";"South Tangerang";"Banten";"Индонезия";1;1;1;0;0;1;0;1;1;1;0;"158.140.182.66";159;17;0;"host-158.140.182-66.myrepublic.co.id"
"67.43.236.18";7885;"US";"St Louis";"Missouri";"США";1;1;1;0;0;0;0;1;1;1;0;"99.67.132.205";159;10;0;"99.67.132.205"
"67.43.236.18";7137;"IN";"Chennai";"Tamil Nadu";"Индия";1;1;1;0;0;0;0;1;1;1;0;"49.205.81.49";159;20;0;"49.205.81.49.actcorp.in"
"67.43.236.18";5059;"MM";"Yangon";"Yangon";"Мьянма (Бирма)";1;1;1;0;0;0;0;0;1;1;0;"204.157.172.61";159;37;0;"204.157.172.61"
"67.43.236.18";4559;"ID";"Karawaci";"West Java";"Индонезия";1;1;1;0;0;0;0;1;1;1;0;"180.244.73.111";159;44;0;"180.244.73.111"
"67.43.236.18";3191;"AU";"Sydney";"New South Wales";"Австралия";1;1;1;0;0;0;0;1;1;1;0;"119.18.1.197";159;20;0;"119-18-1-197.771201.syd.nbn.aussiebb.net"
"67.43.236.18";1423;"TW";"Taichung";"Taichung City";"Тайвань";1;1;1;0;0;0;0;1;1;1;0;"125.228.187.19";159;34;0;"125-228-187-19.hinet-ip.hinet.net"
"67.43.228.250";26351;"ID";"Bandung";"West Java";"Индонезия";1;1;1;0;0;0;0;1;1;1;0;"125.163.52.17";161;40;0;"125.163.52.17"
"67.43.228.250";25447;"BR";"Campinas";"So Paulo";"Бразилия";1;1;1;0;0;0;0;1;1;1;0;"179.125.144.118";161;32;0;"179.125.144.118"
"67.43.228.250";24619;"IN";"Jaipur";"Rajasthan";"Индия";1;0;1;0;0;0;0;1;1;1;0;"106.215.105.16";161;23;0;"abts-north-dynamic-16.105.215.106.airtelbroadband.in"
"67.43.228.250";18453;"KH";"";"";"Камбоджа";1;1;1;0;0;0;0;1;1;1;0;"103.11.218.2";159;42;1;"103.11.218.2"
"67.43.228.250";15179;"ID";"";"";"Индонезия";1;1;1;0;0;0;0;0;0;0;0;"182.253.31.75";159;26;0;"182.253.31.75"
"67.43.228.250";12535;"CW";"";"";"Кюрасао";1;1;1;0;0;0;0;0;0;0;0;"200.26.202.8";159;52;1;"sub200-26-202-8.rev.onenet.cw"
"67.43.228.250";8681;"AE";"Sharjah";"Sharjah";"ОАЭ";1;1;1;0;0;0;0;1;1;1;0;"94.205.156.196";159;30;0;"94.205.156.196"
"67.43.228.250";7821;"JP";"Osaka";"Osaka";"Япония";1;1;1;0;0;0;0;1;1;1;0;"14.10.5.129";161;26;0;"14.10.5.129"
"65.108.203.37";18080;"NO";"";"";"Норвегия";1;0;1;0;0;0;0;0;1;0;0;"77.111.247.50";161;1609;5994;"77.111.247.50"
"59.57.15.180";6000;"CN";"";"";"Китай";1;1;1;0;0;0;0;0;0;0;0;"59.57.15.180";307;300;14;"59.57.15.180"
"58.136.206.100";8080;"TH";"Bangkok";"Bangkok";"Таиланд";1;0;1;0;0;0;0;1;1;1;0;"58.136.206.100";296;22;0;"58.136.206.100"
"52.67.117.187";3128;"BR";"So Paulo";"So Paulo";"Бразилия";1;0;1;0;0;1;0;1;1;1;0;"52.67.117.187";296;13000;35;"ec2-52-67-117-187.sa-east-1.compute.amazonaws.com"
"49.146.225.202";8082;"PH";"Cebu City";"Province of Cebu";"Филиппины";1;0;1;0;0;0;0;1;1;1;0;"49.146.225.202";391;107;1;"dsl.49.146.225.202.pldt.net"
"49.146.61.184";8082;"PH";"Koronadal";"Province of South Cotabato";"Филиппины";1;0;1;0;0;0;0;1;1;1;0;"49.146.61.184";390;23;0;"49.146.61.184"
"49.146.52.155";8080;"PH";"Koronadal";"Province of South Cotabato";"Филиппины";1;0;1;0;0;0;0;1;1;1;0;"49.146.52.155";390;94;0;"dsl.49.146.52.155.pldt.net"
"49.49.120.30";8080;"TH";"Si Sa Ket";"Si Sa Ket";"Таиланд";1;0;1;0;0;0;0;1;1;1;0;"49.49.120.30";267;102;4;"49.49.120.30"
"49.49.58.213";8080;"TH";"Lampang";"Lampang";"Таиланд";1;0;1;0;0;0;0;1;1;1;0;"49.49.58.213";267;398;76;"49.49.58.213"
"49.49.40.234";8080;"TH";"Khon Kaen";"Khon Kaen";"Таиланд";1;0;1;0;0;0;0;1;1;1;0;"49.49.40.234";267;62;0;"mx-ll-49.49.40-234.dynamic.3bb.co.th"
"49.48.68.53";8080;"TH";"Nakhon Ratchasima";"Nakhon Ratchasima";"Таиланд";1;0;1;0;0;0;0;1;1;1;0;"49.48.68.53";307;406;281;"49.48.68.53"
"36.85.156.57";3128;"ID";"Manado";"North Sulawesi";"Индонезия";1;1;1;0;0;0;0;1;1;1;0;"36.85.156.57";310;29;0;"36.85.156.57"
"27.79.161.28";16000;"VN";"Hanoi";"Hanoi";"Вьетнам";1;1;1;0;0;1;0;1;1;1;0;"27.79.161.28";311;35;1;"localhost"
"14.229.120.170";8080;"VN";"Hanoi";"Hanoi";"Вьетнам";1;1;1;0;0;0;0;1;1;1;0;"14.229.120.170";311;1154;55;"14.229.120.170"
"1.180.87.146";22300;"CN";"";"";"Китай";1;0;1;0;0;0;0;0;0;0;0;"110.19.105.124";311;1268;29;"110.19.105.124"
"1.36.214.247";8888;"HK";"";"";"Гонконг";1;0;1;0;0;0;0;1;1;1;0;"1.36.214.247";311;46;1;"1.36.214.247"
"1.20.141.221";8080;"TH";"Bangkok";"Bangkok";"Таиланд";1;0;1;0;0;0;0;1;1;1;0;"1.20.141.221";271;127;1;"1.20.141.221"
"1.2.219.13";8080;"TH";"Bangkok";"Bangkok";"Таиланд";1;0;1;0;0;0;0;1;1;1;0;"1.2.219.13";271;25;0;"node-hzh.pool-1-2.dynamic.nt-isp.net"
"103.156.57.118";8080;"ID";"";"";"Индонезия";1;1;1;0;0;0;0;0;0;0;0;"103.156.57.118";298;130;513;"103.156.57.118"
"5.78.124.240";40000;"US";"Portland";"Oregon";"США";1;0;1;1;1;0;0;0;0;0;0;"104.28.237.246";282;6069;25526;"104.28.237.246"
"49.48.47.63";8080;"TH";"Pattaya";"Chon Buri";"Таиланд";1;0;1;0;0;0;0;1;1;1;0;"49.48.47.63";287;94;13;"49.48.47.63"
"47.90.205.231";33333;"US";"";"Virginia";"США";1;0;1;0;0;0;0;0;0;0;0;"47.90.205.231";287;94137;103480;"47.90.205.231"
"43.156.74.52";7654;"SG";"";"";"Сингапур";1;0;1;0;0;0;0;0;0;0;0;"43.156.74.52";288;305;111;"43.156.74.52"
"59.110.215.11";1991;"CN";"Beijing";"Beijing";"Китай";1;1;1;0;0;0;0;0;0;1;0;"59.110.215.11";291;1350;8186;"59.110.215.11"
"115.77.130.235";10026;"VN";"Vng Tu";"B Ra–Vng Tu Province";"Вьетнам";1;1;1;0;0;0;0;1;1;1;0;"115.72.3.215";413;63;0;"adsl.viettel.vn"
"115.77.130.235";10010;"VN";"Hanoi";"Hanoi";"Вьетнам";1;1;1;0;0;0;0;1;1;1;0;"115.72.45.207";389;63;0;"adsl.viettel.vn"
"115.77.130.235";10003;"VN";"Vng Tu";"B Ra–Vng Tu Province";"Вьетнам";1;1;1;0;0;0;0;1;1;1;0;"115.72.4.119";389;63;0;"115.72.4.119"
"115.77.130.235";10002;"VN";"Vng Tu";"B Ra–Vng Tu Province";"Вьетнам";1;1;1;0;0;0;0;1;1;1;0;"115.72.4.155";412;63;0;"115.72.4.155"
"188.132.249.69";8080;"TR";"Reyhanl";"Hatay";"Турция";1;0;1;0;0;0;0;0;0;0;0;"188.132.249.69";157;198;761;"188.132.249.69"
"124.121.114.214";8080;"TH";"Bangkok";"Bangkok";"Таиланд";1;0;1;0;0;0;0;0;0;0;0;"124.121.114.214";271;309;654;"124.121.114.214"
"110.136.125.254";8080;"ID";"Jember";"East Java";"Индонезия";1;0;1;0;0;0;0;0;0;0;0;"110.136.125.254";390;362;910;"110.136.125.254"
"91.200.163.190";8088;"RU";"";"";"Россия";1;0;1;0;0;0;0;0;0;0;0;"91.200.161.250";148;1299;6632;"91.200.161.250"
"72.10.160.170";21127;"MY";"Johor Bahru";"Johor";"Малайзия";1;1;1;0;0;0;0;0;0;0;0;"175.141.174.145";160;18;30;"175.141.174.145"
"65.108.203.35";18080;"NO";"";"";"Норвегия";1;0;1;0;0;1;0;0;0;1;0;"77.111.247.47";151;124;367;"77.111.247.47"
"38.54.32.218";1226;"TH";"Bangkok";"Bangkok";"Таиланд";1;1;1;0;0;0;0;0;0;0;0;"38.54.32.218";278;4171;1518;"38.54.32.218"
"34.80.152.137";8866;"TW";"Taipei";"Taipei City";"Тайвань";1;0;1;0;0;0;0;0;0;0;0;"34.80.152.137";403;1012;4176;"137.152.80.34.bc.googleusercontent.com"
"34.48.171.130";33080;"US";"Washington";"District of Columbia";"США";1;0;1;0;0;0;0;0;0;0;0;"34.48.171.130";279;212;1711;"130.171.48.34.bc.googleusercontent.com"
"8.129.43.150";54321;"CN";"Shenzhen";"Guangdong";"Китай";1;0;1;0;0;0;0;0;0;0;0;"8.129.43.150";279;1308;1419;"8.129.43.150"
"5.45.126.4";3128;"EE";"Jhvi";"Jhvi vald";"Эстония";1;0;1;0;0;0;0;1;1;1;0;"5.45.126.4";161;539;632;"sca20f7f3.fastvps-server.com"
"72.10.164.178";32451;"VN";"Hanoi";"Hanoi";"Вьетнам";1;1;1;0;0;0;0;1;1;1;0;"42.113.16.188";225;1;0;"42.113.16.188"
"72.10.164.178";31181;"IN";"Chandgarh";"Haryana";"Индия";1;1;1;0;0;1;0;1;1;1;0;"152.59.82.235";225;1;0;"152.59.82.235"
"72.10.164.178";30683;"ID";"Jakarta";"Jakarta";"Индонезия";1;1;1;0;0;1;0;1;1;1;0;"125.165.188.13";225;1;0;"125.165.188.13"
"72.10.164.178";29369;"HK";"Mong Kok";"Yau Tsim Mong";"Гонконг";1;1;1;0;0;1;0;1;1;1;0;"203.186.131.22";225;1;0;"203.186.131.22"
"72.10.164.178";28123;"ID";"Jakarta";"Jakarta";"Индонезия";1;0;1;0;0;1;0;1;1;1;0;"111.94.1.38";225;1;0;"fm-dyn-111-94-1-38.fast.net.id"
"72.10.164.178";27685;"VN";"Hanoi";"Hanoi";"Вьетнам";1;1;1;0;0;0;0;1;1;1;0;"222.254.10.130";225;1;0;"222.254.10.130"
"72.10.164.178";27275;"ID";"Jakarta";"Jakarta";"Индонезия";1;1;1;0;0;1;0;1;1;1;0;"180.252.161.226";225;1;0;"180.252.161.226"
"72.10.164.178";26053;"IN";"Bengaluru";"Karnataka";"Индия";1;1;1;0;0;1;0;1;1;1;0;"49.205.33.54";225;1;0;"broadband.actcorp.in"
"72.10.164.178";25713;"AE";"Dubai";"Dubai";"ОАЭ";1;1;1;0;0;1;0;1;1;1;0;"2.49.184.214";225;1;0;"bba-2-49-184-214.alshamil.net.ae"
"72.10.164.178";24999;"CO";"Bucaramanga";"Santander Department";"Колумбия";1;1;1;0;0;1;0;1;1;1;0;"181.131.72.3";225;1;0;"181.131.72.3"
"72.10.164.178";23929;"US";"Chino Hills";"California";"США";1;1;1;0;0;1;0;1;1;1;0;"172.115.46.56";225;1;0;"syn-172-115-046-056.res.spectrum.com"
"72.10.164.178";23927;"NP";"";"";"Непал";1;1;1;0;0;0;0;1;1;1;0;"103.96.246.20";225;1;0;"103.96.246.20"
"72.10.164.178";23687;"MM";"Yangon";"Yangon";"Мьянма (Бирма)";1;1;1;0;0;1;0;0;1;1;0;"210.14.100.136";225;1;0;"210.14.100.136"
"72.10.164.178";22079;"PK";"Lahore";"Punjab";"Пакистан";1;1;1;0;0;1;0;1;0;1;0;"39.49.165.78";225;1;0;"39.49.165.78"
"72.10.164.178";21937;"US";"Fort Lauderdale";"Florida";"США";1;1;1;0;0;0;0;0;0;0;0;"96.75.73.253";225;1;0;"96-75-73-253-static.hfc.comcastbusiness.net"
"72.10.164.178";20213;"BD";"";"";"Бангладеш";1;1;1;0;0;1;0;1;1;1;0;"103.26.247.15";225;1;0;"103.26.247.15.summitiig.net"
"72.10.164.178";19481;"ID";"";"";"Индонезия";1;1;1;0;0;0;0;0;0;0;0;"103.26.102.3";225;1;0;"103.26.102.3"
"72.10.164.178";18471;"PH";"Bacoor";"Province of Cavite";"Филиппины";1;1;1;0;0;0;0;1;1;1;0;"103.252.34.6";225;1;0;"103.252.34.6"
"72.10.164.178";17493;"ID";"Kediri";"East Java";"Индонезия";1;1;1;0;0;1;0;1;1;1;0;"36.79.205.84";225;1;0;"36.79.205.84"
"72.10.164.178";17083;"ID";"Bontang";"East Kalimantan";"Индонезия";1;1;1;0;0;1;0;1;1;1;0;"36.78.201.79";225;1;0;"36.78.201.79"
"72.10.164.178";16645;"MM";"Yangon";"Yangon";"Мьянма (Бирма)";1;1;1;0;0;1;0;0;1;1;0;"103.217.156.192";225;1;0;"103.217.156.192"
"72.10.164.178";16465;"ID";"";"";"Индонезия";1;1;1;0;0;1;0;0;0;0;0;"115.84.175.3";225;1;0;"115.84.175.3"
"72.10.164.178";14637;"IQ";"Najaf";"An Najaf";"Ирак";1;1;1;0;0;1;0;1;1;1;0;"169.224.100.188";225;1;0;"169.224.100.188"
"72.10.164.178";13167;"PH";"Cabanatuan City";"Province of Nueva Ecija";"Филиппины";1;1;1;0;0;0;0;1;0;0;0;"180.190.101.116";225;1;0;"180.190.101.116"
"72.10.164.178";12483;"ID";"";"";"Индонезия";1;1;1;0;0;1;0;1;1;0;0;"118.99.72.82";225;1;0;"118.99.72.82"
"72.10.164.178";11689;"BD";"";"";"Бангладеш";1;1;1;0;0;1;0;1;1;1;0;"103.141.64.27";225;1;0;"103.141.64.27"
"72.10.164.178";11543;"PK";"Karachi";"Sindh";"Пакистан";1;1;1;0;0;1;0;1;0;1;0;"103.72.85.178";225;1;0;"103.72.85.178"
"72.10.164.178";11161;"TH";"Bangkok";"Bangkok";"Таиланд";1;1;1;0;0;1;0;1;1;1;0;"171.97.84.86";225;1;0;"ppp-171-97-84-86.revip8.asianet.co.th"
"72.10.164.178";9777;"DO";"Santo Domingo";"Nacional";"Доминиканская Республика";1;1;1;0;0;1;0;1;1;0;0;"38.189.136.9";225;1;0;"38.189.136.9"
"72.10.164.178";6463;"VN";"Da Nang";"Da Nang";"Вьетнам";1;1;1;0;0;1;0;1;1;1;0;"42.118.236.95";225;1;0;"42.118.236.95"
"72.10.164.178";5697;"ID";"";"";"Индонезия";1;1;1;0;0;1;0;1;1;1;0;"103.10.120.146";225;1;0;"103.10.120.146"
"72.10.164.178";3227;"US";"Framingham";"Massachusetts";"США";1;1;1;0;0;1;0;1;1;1;0;"71.174.230.22";225;1;0;"static-71-174-230-22.bstnma.fios.verizon.net"
"72.10.164.178";2489;"MN";"Ulan Bator";"Ulaanbaatar";"Монголия";1;1;1;0;0;1;0;1;1;1;0;"139.5.218.129";225;1;0;"139.5.218.129"
"115.77.130.235";10029;"VN";"Vng Tu";"B Ra–Vng Tu Province";"Вьетнам";1;1;1;0;0;0;0;0;0;0;0;"115.72.9.46";403;69;0;"115.72.9.46"
"115.77.130.235";10023;"VN";"Ho Chi Minh City";"Ho Chi Minh";"Вьетнам";1;1;1;0;0;0;0;0;0;0;0;"115.77.142.68";402;64;0;"115.77.142.68"
"115.77.130.235";10021;"VN";"Ho Chi Minh City";"Ho Chi Minh";"Вьетнам";1;1;1;0;0;0;0;0;0;0;0;"115.72.165.233";402;69;0;"adsl.viettel.vn"
"115.77.130.235";10004;"VN";"Ho Chi Minh City";"Ho Chi Minh";"Вьетнам";1;1;1;0;0;0;0;1;1;1;0;"115.77.131.252";402;59;0;"adsl.viettel.vn"
"72.10.164.178";13333;"AR";"Mar del Plata";"Buenos Aires";"Аргентина";1;1;1;0;0;0;0;1;1;1;0;"200.105.34.105";212;57;0;"200.105.34.105.fibercorp.com.ar"
"3.85.42.63";3128;"US";"Ashburn";"Virginia";"США";1;0;1;0;0;0;0;1;0;0;0;"3.95.251.172";159;698;1148;"ec2-3-95-251-172.compute-1.amazonaws.com"
"222.90.155.41";8118;"CN";"Xi'an";"Shaanxi";"Китай";1;0;1;0;0;0;0;0;0;0;0;"222.90.155.41";395;132;208;"222.90.155.41"
"118.172.188.19";8080;"TH";"Salaya";"Nakhon Pathom";"Таиланд";1;0;1;0;0;0;0;1;0;1;0;"110.164.197.84";1270;552;2628;"110.164.197.84"
"115.77.130.166";10034;"VN";"Ho Chi Minh City";"Ho Chi Minh";"Вьетнам";1;1;1;0;0;0;0;0;1;0;0;"115.72.160.255";387;63;2;"115.72.160.255"
"115.77.130.166";10009;"VN";"Ho Chi Minh City";"Ho Chi Minh";"Вьетнам";1;1;1;0;0;1;0;1;1;0;0;"115.72.171.199";401;78;0;"115.72.171.199"
"99.20.24.9";8888;"US";"New York";"New York";"США";1;0;1;0;0;0;0;0;0;0;0;"45.92.229.176";275;5534;28271;"45.92.229.176"
"87.122.48.78";8118;"DE";"Bonn";"North Rhine-Westphalia";"ФРГ";1;1;1;0;0;1;0;1;1;1;0;"87.122.48.78";149;1;0;"87.122.48.78"
"72.10.160.94";28943;"IN";"";"";"Индия";1;1;1;0;0;0;0;0;0;0;0;"202.179.159.126";153;1;0;"undefined.hostname.localhost"
"72.10.160.92";25281;"SG";"";"";"Сингапур";1;0;1;0;0;1;0;1;1;1;0;"202.133.210.100";277;35;25;"202.133.210.100"
"67.43.228.251";21785;"SA";"Jeddah";"Mecca Region";"Саудовская Аравия";1;1;1;0;0;0;0;1;1;1;0;"188.54.45.169";150;16;0;"188.54.45.169"
"46.158.89.75";3128;"RU";"Krasnodar";"Krasnodar Krai";"Россия";1;1;1;0;0;0;0;1;1;1;0;"46.158.89.75";151;283;237;"46.158.89.75"
"202.162.195.54";8080;"ID";"";"";"Индонезия";1;0;1;0;0;1;0;1;1;1;0;"202.162.195.54";265;16;43;"xc336.mdn.nusa.net.id"
"188.166.197.129";3128;"SG";"";"";"Сингапур";1;0;1;0;0;0;0;1;1;0;0;"174.138.18.105";266;169;1015;"174.138.18.105"
"180.165.23.208";8118;"CN";"Shanghai";"Shanghai";"Китай";1;0;1;0;0;0;0;0;0;0;0;"180.165.23.208";398;431;1443;"180.165.23.208"
"124.120.68.239";8080;"TH";"Bangkok";"Bangkok";"Таиланд";1;0;1;0;0;1;0;1;1;0;0;"124.120.68.239";279;3;0;"ppp-124-120-68-239.revip2.asianet.co.th"
"115.72.15.122";10011;"VN";"Vng Tu";"B Ra–Vng Tu Province";"Вьетнам";1;1;1;0;0;1;0;1;1;1;0;"115.72.15.109";401;2;0;"adsl.viettel.vn"
"89.23.112.83";8082;"IN";"Basti";"Uttar Pradesh";"Индия";1;0;1;0;0;0;0;0;1;0;0;"152.58.131.135";154;19;10;"152.58.131.135"
"79.253.239.111";8118;"DE";"Berlin";"State of Berlin";"ФРГ";1;0;1;0;0;0;0;1;0;1;0;"79.253.239.111";155;427;336;"p4ffdef6f.dip0.t-ipconnect.de"
"72.10.160.171";26521;"US";"New York";"New York";"США";1;1;1;0;0;1;0;1;1;1;0;"194.146.93.93";167;1;0;"194.146.93.93"
"72.10.160.170";32905;"ID";"Bukittinggi";"West Sumatra";"Индонезия";1;1;1;0;0;1;0;1;0;0;0;"36.77.101.94";156;1;0;"36.77.101.94"
"72.10.160.170";32845;"PK";"Karachi";"Sindh";"Пакистан";1;1;1;0;0;1;0;1;0;1;0;"154.57.218.151";156;1;0;"154.57.218.151"
"72.10.160.170";32681;"ID";"Jambi City";"Jambi";"Индонезия";1;1;1;0;0;1;0;1;1;1;0;"182.3.72.152";156;1;0;"182.3.72.152"
"72.10.160.170";28115;"PK";"Lahore";"Punjab";"Пакистан";1;1;1;0;0;0;0;1;0;1;0;"103.184.0.169";156;1;0;"103.184.0.169"
"72.10.160.170";27987;"AE";"Dubai";"Dubai";"ОАЭ";1;1;1;0;0;1;0;1;1;1;0;"2.50.22.84";156;1;0;"2.50.22.84"
"72.10.160.170";25333;"PK";"Islamabad";"Islamabad";"Пакистан";1;0;1;0;0;0;0;1;0;1;0;"154.192.75.77";156;4;2;"154.192.75.77"
"72.10.160.170";24807;"AE";"Ras al-Khaimah";"Imarat Ra's al Khaymah";"ОАЭ";1;1;1;0;0;1;0;1;1;1;0;"5.193.178.98";155;1;0;"5.193.178.98"
"72.10.160.170";23649;"ID";"Pemangkat";"West Kalimantan";"Индонезия";1;1;1;0;0;1;0;1;1;0;0;"180.248.185.85";155;1;0;"180.248.185.85"
"72.10.160.170";22499;"AU";"Brisbane";"Queensland";"Австралия";1;1;1;0;0;0;0;1;1;1;0;"203.59.200.169";155;1;0;"203.59.200.169"
"72.10.160.170";17941;"CA";"Montreal";"Quebec";"Канада";1;1;1;0;0;1;0;1;1;1;0;"184.163.0.90";155;1;0;"modemcable090.0-163-184.mc.videotron.ca"
"72.10.160.170";16161;"PH";"Iligan";"Province of Lanao del Norte";"Филиппины";1;1;1;0;0;1;0;1;1;1;0;"49.148.140.87";155;1;0;"dsl.49.148.140.87.pldt.net"
"72.10.160.170";15497;"IN";"Noida";"Uttar Pradesh";"Индия";1;1;1;0;0;1;0;1;1;1;0;"122.161.68.114";155;1;0;"abts-north-dynamic-114.68.161.122.airtelbroadband.in"
"72.10.160.170";14557;"IN";"Bengaluru";"Karnataka";"Индия";1;1;1;0;0;1;0;1;1;1;0;"49.207.213.210";155;1;0;"49.207.213.210"
"72.10.160.170";13485;"BD";"Dhaka";"Dhaka";"Бангладеш";1;1;1;0;0;1;0;1;1;1;0;"103.134.192.117";155;1;0;"103.134.192.117"
"72.10.160.170";12625;"NP";"Kathmandu";"Bagmati Province";"Непал";1;1;1;0;0;1;0;1;1;1;0;"27.34.65.157";155;1;0;"27.34.65.157"
"72.10.160.170";9509;"NP";"Kathmandu";"Bagmati Province";"Непал";1;1;1;0;0;1;0;1;1;0;0;"113.199.235.49";155;1;0;"113.199.235.49"
"72.10.160.170";8989;"ID";"South Tangerang";"Banten";"Индонезия";1;1;1;0;0;1;0;1;1;1;0;"158.140.177.136";155;1;0;"host-158.140.177-136.myrepublic.co.id"
"72.10.160.170";5401;"UG";"Kampala";"Kampala District";"Уганда";1;1;1;0;0;1;0;0;0;1;0;"102.218.91.198";155;1;0;"102.218.91.198"
"72.10.160.170";3615;"IN";"Kolkata";"West Bengal";"Индия";1;1;1;0;0;0;0;1;1;1;0;"202.142.73.178";155;12;1;"202.142.73.178"
"72.10.160.170";2621;"PH";"Cagayan de Oro";"Province of Misamis Oriental";"Филиппины";1;1;1;0;0;1;0;0;0;0;0;"103.62.152.129";155;1;0;"103.62.152.129"
"72.10.160.170";1549;"BR";"Imperatriz";"Maranho";"Бразилия";1;1;1;0;0;1;0;1;1;1;0;"186.193.177.152";155;1;0;"186.193.177.152"
"72.10.160.92";6059;"PK";"Karachi";"Sindh";"Пакистан";1;1;1;0;0;1;0;1;0;1;0;"202.47.35.170";155;1;0;"202.47.35.170"
"72.10.160.90";25977;"MY";"Cyberjaya";"Selangor";"Малайзия";1;1;1;0;0;1;0;1;1;1;0;"60.48.115.62";154;1;0;"60.48.115.62"
"72.10.160.90";25201;"IN";"Mumbai";"Maharashtra";"Индия";1;1;1;0;0;1;0;1;1;1;0;"106.201.239.26";154;1;0;"abts-west-static-26.239.201.106.airtelbroadband.in"
"68.183.211.118";2237;"DE";"Frankfurt am Main";"Hesse";"ФРГ";1;0;1;0;0;0;0;1;1;1;0;"104.28.229.13";154;4;0;"104.28.229.13"
"67.43.236.18";28235;"AU";"Sydney";"New South Wales";"Австралия";1;0;1;0;0;0;0;1;0;0;0;"163.53.144.18";154;7;1;"163.53.144.18"
"47.243.92.199";3128;"HK";"";"";"Гонконг";1;0;1;0;0;0;0;0;0;0;0;"47.243.92.199";285;11431;10154;"47.243.92.199"
"13.112.144.21";3128;"JP";"Tokyo";"Tokyo";"Япония";1;0;1;0;0;0;0;0;0;0;0;"13.112.144.21";289;52;15;"ec2-13-112-144-21.ap-northeast-1.compute.amazonaws.com"
"72.10.160.170";26679;"MY";"Subang Jaya";"Selangor";"Малайзия";1;1;1;0;0;1;0;1;1;1;0;"113.211.122.202";213;1;0;"113.211.122.202"
"72.10.160.93";32361;"AU";"Sydney";"New South Wales";"Австралия";1;1;1;0;0;1;0;1;1;1;0;"1.145.106.162";213;1;0;"1.145.106.162"
"72.10.160.93";31905;"IN";"Ghaziabad";"Uttar Pradesh";"Индия";1;1;1;0;0;1;0;1;1;1;0;"103.46.200.32";213;1;0;"103.46.200.32"
"72.10.160.93";31421;"VN";"Hanoi";"Hanoi";"Вьетнам";1;1;1;0;0;1;0;1;1;1;0;"42.112.79.199";213;1;0;"42.112.79.199"
"72.10.160.93";30979;"CA";"Winnipeg";"Manitoba";"Канада";1;1;1;0;0;1;0;1;1;1;0;"50.71.65.69";213;1;0;"s01063c2d9e900a42.wp.shawcable.net"
"72.10.160.93";30909;"US";"College Station";"Texas";"США";1;1;1;0;0;1;0;1;1;1;0;"50.24.38.203";213;1;0;"50.24.38.203"
"72.10.160.93";27501;"IN";"Thrissur";"Kerala";"Индия";1;1;1;0;0;1;0;1;1;1;0;"103.154.36.14";213;1;0;"103.154.36.14"
"72.10.160.93";26771;"ID";"Makassar";"South Sulawesi";"Индонезия";1;1;1;0;0;1;0;1;1;1;0;"36.80.2.70";213;1;0;"36.80.2.70"
"72.10.160.93";26607;"BD";"";"";"Бангладеш";1;1;1;0;0;1;0;1;1;1;0;"118.179.132.241";213;1;0;"118.179.132.241"
"72.10.160.93";25237;"AE";"Abu Dhabi";"Abu Dhabi";"ОАЭ";1;1;1;0;0;1;0;1;1;1;0;"2.48.165.88";213;1;0;"2.48.165.88"
"72.10.160.93";23457;"PK";"Rawalpindi";"Punjab";"Пакистан";1;1;1;0;0;1;0;1;0;1;0;"203.215.178.122";213;1;0;"203.215.178.122"
"72.10.160.93";19367;"IN";"Pune";"Maharashtra";"Индия";1;1;1;0;0;1;0;1;1;1;0;"157.10.217.125";213;1;0;"157.10.217.125"
"72.10.160.93";18717;"MM";"Yangon";"Yangon";"Мьянма (Бирма)";1;1;1;0;0;1;0;0;1;1;0;"103.121.226.90";213;1;0;"103.121.226.90"
"72.10.160.93";18661;"NZ";"Auckland";"Auckland";"Новая Зеландия";1;1;1;0;0;1;0;1;1;1;0;"60.234.217.173";213;1;0;"dynamic.skybb.net.nz"
"72.10.160.93";15103;"DO";"Santo Domingo";"Nacional";"Доминиканская Республика";1;1;1;0;0;1;0;1;1;1;0;"179.52.236.231";213;1;0;"231.236.52.179.d.dyn.claro.net.do"
"72.10.160.93";14657;"ID";"";"";"Индонезия";1;1;1;0;0;1;0;1;1;1;0;"103.150.218.166";213;1;0;"proxinet-internet-103-150-218-166.proxinet.co.id"
"72.10.160.93";13769;"US";"Scottsdale";"Arizona";"США";1;1;1;0;0;1;0;1;1;0;0;"70.172.71.231";213;1;0;"ip70-172-71-231.ph.ph.cox.net"
"72.10.160.93";12131;"PH";"Cebu City";"Province of Cebu";"Филиппины";1;1;1;0;0;1;0;1;1;1;0;"49.145.163.104";213;1;0;"dsl.49.145.163.104.pldt.net"
"72.10.160.93";5581;"BD";"";"";"Бангладеш";1;1;1;0;0;1;0;1;1;1;0;"160.202.144.229";213;1;0;"160.202.144-229.antbd.net"
"72.10.160.93";5281;"CO";"Medelln";"Antioquia";"Колумбия";1;1;1;0;0;1;0;1;1;1;0;"191.104.16.105";213;1;0;"191.104.16.105"
"72.10.160.93";3557;"PK";"Islamabad";"Islamabad";"Пакистан";1;1;1;0;0;1;0;1;0;1;0;"154.192.45.74";213;1;0;"154.192.45.74"
"72.10.160.93";3223;"MM";"Yangon";"Yangon";"Мьянма (Бирма)";1;1;1;0;0;1;0;0;1;1;0;"210.14.100.4";213;1;0;"210.14.100-4.digibridge.com.mm"
"72.10.160.91";20753;"IN";"New Delhi";"National Capital Territory of Delhi";"Индия";1;1;1;0;0;1;0;1;1;1;0;"106.219.154.12";213;1;0;"106.219.154.12"
"186.96.67.84";999;"VE";"Caracas";"Distrito Federal";"Венесуэла";1;0;1;0;0;0;0;0;0;0;0;"186.96.67.84";278;346;1091;"186.96.67.84"
"157.175.58.133";1080;"BH";"";"Southern Governorate";"Бахрейн";1;0;1;0;0;0;0;1;1;1;0;"157.175.58.133";283;42;123;"ec2-157-175-58-133.me-south-1.compute.amazonaws.com"
"123.20.18.123";1022;"VN";"Qun Bnh Thnh";"Ho Chi Minh";"Вьетнам";1;1;1;0;0;1;0;1;1;0;0;"113.172.115.82";284;5;2;"113.172.115.82"
"119.23.78.172";3128;"CN";"Shenzhen";"Guangdong";"Китай";1;1;1;0;0;0;0;0;0;0;0;"119.23.78.172";284;8784;9449;"119.23.78.172"
"114.231.72.248";1080;"CN";"";"";"Китай";1;1;1;0;0;0;0;0;0;0;0;"114.231.72.248";415;4;62;"114.231.72.248"
"72.10.160.94";5221;"MM";"Yangon";"Yangon";"Мьянма (Бирма)";1;1;1;0;0;1;0;0;1;0;0;"38.158.205.110";160;6;4;"38.158.205.110"
"72.10.160.92";2827;"IN";"Ahmedabad";"Gujarat";"Индия";1;1;1;0;0;0;0;0;0;0;0;"43.242.116.4";160;6;7;"43.242.116.4"
"1.4.175.92";8080;"TH";"Bangkok";"Bangkok";"Таиланд";1;0;1;0;0;0;0;0;0;0;0;"1.4.175.92";294;207;503;"node-9cs.pool-1-4.dynamic.nt-isp.net"
"81.16.245.179";53281;"GE";"Tbilisi";"Tbilisi";"Грузия";1;0;1;0;0;0;0;0;0;0;0;"81.16.245.179";1184;4806;22702;"81.16.245.179"
"72.10.164.178";19271;"IN";"Ambla";"Haryana";"Индия";1;1;1;0;0;0;0;0;1;1;0;"49.43.130.238";173;4;2;"49.43.130.238"
"67.43.228.254";15357;"IN";"Bhubaneswar";"Odisha";"Индия";1;0;1;0;0;0;0;1;1;1;0;"106.215.150.166";290;22;2;"106.215.150.166"
"67.43.228.253";17567;"MY";"Subang Jaya";"Selangor";"Малайзия";1;1;1;0;0;0;0;1;1;1;0;"60.50.34.77";170;21;3;"77.34.50.60.kmr04-home.tm.net.my"
"223.205.31.117";8081;"TH";"Bang Lamung";"Chon Buri";"Таиланд";1;0;1;0;0;0;0;1;1;1;0;"223.205.31.117";266;112;16;"mx-ll-223.205.31-117.dynamic.3bb.co.th"
"223.13.124.24";3128;"CN";"";"";"Китай";1;0;1;0;0;0;0;0;0;0;0;"223.13.124.24";392;735;1791;"223.13.124.24"
"202.57.10.179";3128;"ID";"Jakarta";"Jakarta";"Индонезия";1;0;1;0;0;0;0;0;0;0;0;"202.57.10.179";267;4434;10538;"202.57.10.179"
"184.82.19.218";8080;"TH";"Chiang Mai";"Chiang Mai";"Таиланд";1;0;1;0;0;0;0;1;1;1;0;"184.82.19.218";275;12;1;"184-82-19-0.24.public.asay-mser.myaisfibre.com"
"128.199.120.45";9090;"SG";"";"";"Сингапур";1;0;1;0;0;0;0;0;0;0;0;"128.199.120.45";279;546;1427;"128.199.120.45"
"125.26.230.195";8080;"TH";"Bangkok";"Bangkok";"Таиланд";1;0;1;0;0;0;0;1;1;1;0;"125.26.230.195";279;132;23;"node-19kz.pool-125-26.dynamic.nt-isp.net"
"123.112.242.114";9000;"CN";"Beijing";"Beijing";"Китай";1;0;1;0;0;0;0;0;0;1;0;"123.112.247.80";279;436;521;"123.112.247.80"
"115.72.163.75";10018;"VN";"Ho Chi Minh City";"Ho Chi Minh";"Вьетнам";1;1;1;0;0;0;0;1;0;1;0;"115.77.143.107";379;13;0;"115.77.143.107"
"115.72.163.75";10004;"VN";"Ho Chi Minh City";"Ho Chi Minh";"Вьетнам";1;1;1;0;0;0;0;1;1;1;0;"115.72.160.67";379;13;0;"115.72.160.67"
"115.72.15.122";10004;"VN";"Ho Chi Minh City";"Ho Chi Minh";"Вьетнам";1;1;1;0;0;0;0;1;1;1;0;"115.77.130.149";379;13;0;"115.77.130.149"
"115.72.6.239";10005;"VN";"Vng Tu";"B Ra–Vng Tu Province";"Вьетнам";1;1;1;0;0;0;0;1;0;0;0;"115.74.5.148";490;71;0;"115.74.5.148"
"114.231.73.127";1080;"CN";"";"";"Китай";1;1;1;0;0;0;0;0;0;0;0;"114.231.73.127";379;2;32;"114.231.73.127"
"113.172.98.210";1023;"VN";"Qun Bnh Thnh";"Ho Chi Minh";"Вьетнам";1;1;1;0;0;1;0;1;1;1;0;"123.20.2.78";262;35;12;"123.20.2.78"
"113.172.98.210";1009;"VN";"Qun Bnh Thnh";"Ho Chi Minh";"Вьетнам";1;1;1;0;0;1;0;1;1;1;0;"113.172.125.166";261;28;5;"static.vnpt.vn"
"113.172.98.210";1004;"VN";"Ho Chi Minh City";"Ho Chi Minh";"Вьетнам";1;1;1;0;0;0;0;1;0;1;0;"123.20.178.212";261;35;19;"123.20.178.212"
"103.138.53.38";8080;"ID";"Pangandaran";"West Java";"Индонезия";1;0;1;0;0;0;0;1;1;1;0;"103.138.53.38";262;197;149;"103.138.53.38"
"72.10.164.178";32009;"KR";"Yongin-si";"Gyeonggi-do";"Республика Корея";1;1;1;0;0;0;0;1;1;1;0;"114.207.56.55";156;12;0;"114.207.56.55"
"72.10.164.178";31575;"IN";"New Delhi";"National Capital Territory of Delhi";"Индия";1;1;1;0;0;0;0;1;1;1;0;"49.36.185.250";156;12;0;"49.36.185.250"
"72.10.164.178";31267;"MY";"Shah Alam";"Selangor";"Малайзия";1;1;1;0;0;0;0;1;1;1;0;"110.159.151.48";155;12;0;"48.151.159.110.tm-hsbb.tm.net.my"
"72.10.164.178";28449;"US";"Irvine";"California";"США";1;1;1;0;0;0;0;1;1;1;0;"72.194.74.227";155;12;0;"ip72-194-74-227.oc.oc.cox.net"
"72.10.164.178";15965;"US";"Warren";"Ohio";"США";1;1;1;0;0;0;0;1;1;1;0;"174.96.63.28";155;12;0;"174.96.63.28"
"72.10.164.178";14507;"BD";"";"";"Бангладеш";1;1;1;0;0;0;0;1;1;1;0;"103.140.176.27";155;12;0;"103.140.176.27"
"72.10.164.178";12577;"TH";"Bang Lamung";"Chon Buri";"Таиланд";1;1;1;0;0;0;0;0;0;0;0;"223.204.248.187";155;9;1;"mx-ll-223.204.248-187.dynamic.3bb.co.th"
"72.10.164.178";8541;"PK";"Lahore";"Punjab";"Пакистан";1;1;1;0;0;0;0;1;0;1;0;"119.73.117.7";155;12;0;"static-host119-73-117-7.link.net.pk"
"72.10.164.178";6171;"PH";"Makati City";"Metro Manila";"Филиппины";1;1;1;0;0;0;0;1;1;1;0;"58.69.161.18";155;12;0;"58.69.161.18.pldt.net"
"72.10.160.170";28777;"LK";"Dankotuwa Town";"Puttalam District";"Шри-Ланка";1;1;1;0;0;0;0;1;1;1;0;"112.134.225.102";155;12;0;"v4.dns.slt.lk"
"72.10.160.170";25923;"KR";"Nowon-gu";"Seoul";"Республика Корея";1;1;1;0;0;0;0;1;1;1;0;"211.117.91.153";155;12;0;"211.117.91.153"
"72.10.160.170";24903;"SA";"Riyadh";"Riyadh Region";"Саудовская Аравия";1;1;1;0;0;0;0;1;0;1;0;"82.167.78.188";155;12;0;"82.167.78.188"
"72.10.160.170";20975;"AE";"Dubai";"Dubai";"ОАЭ";1;1;1;0;0;0;0;1;1;1;0;"2.50.47.80";155;12;0;"2.50.47.80"
"72.10.160.170";10813;"ID";"Jakarta";"Jakarta";"Индонезия";1;1;1;0;0;0;0;1;1;1;0;"110.137.223.181";155;12;0;"110.137.223.181"
"72.10.160.90";28259;"PH";"Davao City";"Province of Davao del Sur";"Филиппины";1;1;1;0;0;0;0;1;1;1;0;"124.217.114.236";155;12;0;"124.217.114.236"
"72.10.160.90";25869;"IN";"Bengaluru";"Karnataka";"Индия";1;1;1;0;0;0;0;1;1;1;0;"106.51.194.230";155;12;0;"106.51.194.230"
"72.10.160.90";24239;"MM";"Yangon";"Yangon";"Мьянма (Бирма)";1;1;1;0;0;0;0;0;1;1;0;"204.157.173.117";155;12;0;"204.157.173.117"
"72.10.160.90";24229;"IN";"";"";"Индия";1;1;1;0;0;0;0;1;1;1;0;"115.245.96.230";154;12;0;"115.245.96.230"
"72.10.160.90";24145;"MX";"Irapuato";"Guanajuato";"Мексика";1;1;1;0;0;0;0;1;1;1;0;"187.193.113.53";154;12;0;"dsl-187-193-113-53-dyn.prod-infinitum.com.mx"
"72.10.160.90";20383;"MM";"Bago";"Bago Region";"Мьянма (Бирма)";1;1;1;0;0;1;0;0;1;1;0;"103.215.195.87";154;12;0;"103.215.195.87"
"72.10.160.90";12399;"PK";"Faisalabad";"Punjab";"Пакистан";1;1;1;0;0;0;0;1;0;1;0;"206.84.189.67";154;12;1;"206.84.189.67"
"72.10.160.90";7721;"KE";"Nairobi";"Nairobi County";"Кения";1;1;1;0;0;1;0;1;1;1;0;"41.220.236.110";154;12;0;"41.220.236.110.liquidtelecom.net"
"72.10.160.90";2241;"ID";"Jakarta";"Jakarta";"Индонезия";1;1;1;0;0;0;0;1;1;1;0;"110.136.6.230";154;12;0;"110.136.6.230"
"72.10.160.90";1757;"US";"Bonney Lake";"Washington";"США";1;1;1;0;0;0;0;1;1;1;0;"67.183.235.162";154;12;0;"c-67-183-235-162.hsd1.wa.comcast.net"
"67.43.236.19";19847;"PH";"General Trias";"Province of Cavite";"Филиппины";1;1;1;0;0;1;0;1;1;1;0;"103.129.124.114";154;7;0;"103.129.124.114"
"67.43.236.18";29279;"US";"Albuquerque";"New Mexico";"США";1;1;1;0;0;1;0;1;1;1;0;"98.60.248.205";154;7;0;"c-98-60-248-205.hsd1.nm.comcast.net"
"67.43.236.18";24039;"MY";"Kuala Lumpur";"Kuala Lumpur";"Малайзия";1;1;1;0;0;0;0;1;0;1;0;"115.164.221.242";154;7;0;"ue242.221.digi.net.my"
"67.43.236.18";19707;"AE";"Dubai";"Dubai";"ОАЭ";1;1;1;0;0;0;0;1;1;1;0;"2.49.64.15";154;7;0;"2.49.64.15"
"67.43.236.18";17029;"US";"Hesperia";"California";"США";1;1;1;0;0;0;0;1;1;1;0;"71.95.235.165";154;7;0;"71.95.235.165"
"67.43.236.18";4787;"IN";"Vijayawada";"Andhra Pradesh";"Индия";1;0;1;0;0;0;0;1;1;1;0;"49.205.98.98";264;7;0;"49.205.98.98"
"67.43.228.250";30959;"IN";"";"";"Индия";1;1;1;0;0;0;0;1;1;1;0;"223.184.54.2";153;10;0;"223.184.54.2"
"67.43.228.250";25679;"KE";"Nairobi";"Nairobi County";"Кения";1;1;1;0;0;0;0;0;0;0;0;"196.216.73.94";153;10;0;"196.216.73.94"
"67.43.228.250";20801;"PH";"Tandag";"Province of Surigao del Sur";"Филиппины";1;0;1;0;0;1;0;1;1;1;0;"103.180.200.245";153;7;1;"103.180.200.245"
"67.43.228.250";16605;"AR";"Mar del Plata";"Buenos Aires";"Аргентина";1;1;1;0;0;0;0;0;0;0;0;"181.85.8.182";153;7;3;"181.85.8.182"
"67.43.228.250";14563;"VN";"Ho Chi Minh City";"Ho Chi Minh";"Вьетнам";1;1;1;0;0;0;0;1;1;1;0;"14.161.27.14";153;10;0;"14.161.27.14"
"67.43.228.250";9701;"IN";"Raipur";"Chhattisgarh";"Индия";1;0;1;0;0;0;0;1;1;1;0;"106.219.89.208";263;4;1;"106.219.89.208"
"49.48.203.229";8080;"TH";"Nakhon Pathom";"Nakhon Pathom";"Таиланд";1;0;1;0;0;0;0;1;1;1;0;"49.48.203.229";264;109;10;"mx-ll-49.48.203-229.dynamic.3bb.co.th"
"49.48.116.215";8081;"TH";"Khon Kaen";"Khon Kaen";"Таиланд";1;0;1;0;0;0;0;1;1;1;0;"49.48.116.215";264;316;287;"mx-ll-49.48.116-215.dynamic.3bb.co.th"
"49.48.102.163";8081;"TH";"Khon Kaen";"Khon Kaen";"Таиланд";1;0;1;0;0;0;0;1;1;1;0;"49.48.102.163";264;67;16;"mx-ll-49.48.102-163.dynamic.3bb.co.th"
"49.48.83.103";8081;"TH";"Nakhon Ratchasima";"Nakhon Ratchasima";"Таиланд";1;0;1;0;0;0;0;1;1;1;0;"49.48.83.103";264;101;16;"mx-ll-49.48.83-103.dynamic.3bb.co.th"
"49.48.65.8";8081;"TH";"Nakhon Ratchasima";"Nakhon Ratchasima";"Таиланд";1;0;1;0;0;0;0;1;1;1;0;"49.48.65.8";264;97;93;"49.48.65.8"
"49.48.54.175";8080;"TH";"Bang Lamung";"Chon Buri";"Таиланд";1;0;1;0;0;0;0;1;1;1;0;"49.48.54.175";264;149;23;"mx-ll-49.48.54-175.dynamic.3bb.co.th"
"46.36.200.151";8080;"TR";"Reyhanl";"Hatay";"Турция";1;0;1;0;0;0;0;1;1;1;0;"46.235.15.75";154;500;264;"46.235.15.75"
"45.163.238.254";8080;"BR";"Itaipava do Graja";"Maranho";"Бразилия";1;0;1;0;0;0;0;0;0;0;0;"45.163.238.254";390;1228;5400;"45.163.238.254"
"45.22.209.157";8888;"US";"New York";"New York";"США";1;0;1;0;0;0;0;0;0;0;0;"45.92.229.143";265;437;3997;"45.92.229.143"
"43.252.237.67";8085;"ID";"Tangerang";"Banten";"Индонезия";1;0;1;0;0;0;0;1;1;1;0;"43.252.237.67";265;39;8;"43.252.237.67"
"43.160.196.87";3128;"SG";"";"";"Сингапур";1;0;1;0;0;0;0;1;1;1;0;"43.160.196.87";265;337;63;"43.160.196.87"
"43.156.240.174";7654;"SG";"";"";"Сингапур";1;0;1;0;0;0;0;1;1;1;0;"43.156.240.174";265;25;3;"43.156.240.174"
"36.139.251.14";10444;"CN";"";"";"Китай";1;1;1;0;0;0;0;0;0;1;0;"36.139.251.14";393;413;1240;"36.139.251.14"
"27.79.202.108";16000;"VN";"Hanoi";"Hanoi";"Вьетнам";1;1;1;0;0;0;0;1;1;1;0;"27.79.202.108";294;7;0;"localhost"
"78.157.57.71";3128;"IR";"";"";"Иран";1;0;1;0;0;0;0;0;0;0;0;"78.157.57.71";140;360;3012;"78.157.57.71"
"45.8.158.234";3128;"RU";"Novosibirsk";"Novosibirsk Oblast";"Россия";1;0;1;0;0;0;0;1;1;1;0;"45.8.158.234";147;136;500;"45.8.158.234"
"213.226.119.120";4857;"TR";"";"";"Турция";1;1;1;0;0;0;0;1;1;0;0;"213.226.119.120";141;4679;18241;"ip120.siberdc.com"
"149.129.214.129";3128;"ID";"Jakarta";"Jakarta";"Индонезия";1;0;1;0;0;0;0;1;0;0;0;"149.129.214.129";285;44;17;"149.129.214.129"
"125.24.25.67";8080;"TH";"Bangkok";"Bangkok";"Таиланд";1;0;1;0;0;0;0;0;0;1;0;"125.24.25.67";281;326;68;"node-4zn.pool-125-24.dynamic.totinternet.net"
"113.172.98.210";1019;"VN";"Ho Chi Minh City";"Ho Chi Minh";"Вьетнам";1;1;1;0;0;0;0;1;0;1;0;"123.20.16.78";284;38;12;"123.20.16.78"
"113.172.98.210";1015;"VN";"Qun Bnh Thnh";"Ho Chi Minh";"Вьетнам";1;1;1;0;0;0;0;1;1;1;0;"113.172.118.96";284;42;22;"113.172.118.96"
"95.47.238.102";3128;"UZ";"Tashkent";"Tashkent";"Узбекистан";1;1;1;0;0;0;0;0;0;0;0;"95.47.238.102";146;13028;13000;"95.47.238.102"
"80.78.21.185";8118;"SE";"";"";"Швеция";1;1;1;0;0;0;0;0;0;0;0;"80.78.21.185";145;98;20;"504e15b9.vpn.njalla.net"
"72.10.164.178";29447;"MX";"Cuernavaca";"Morelos";"Мексика";1;1;1;0;0;1;0;1;1;1;0;"189.225.156.79";165;4;0;"189.225.156.79"
"72.10.164.178";28227;"VE";"Caracas";"Distrito Federal";"Венесуэла";1;1;1;0;0;0;0;1;1;1;0;"186.24.19.212";290;4;0;"186-24-19-212.genericrev.telcel.net.ve"
"72.10.160.90";5055;"NI";"Managua";"Managua Department";"Никарагуа";1;1;1;0;0;0;0;1;1;1;0;"186.77.198.41";164;4;0;"41-198-77-186.enitel.net.ni"
"67.43.236.20";7945;"IN";"";"";"Индия";1;0;1;0;0;1;0;1;1;1;0;"219.65.48.155";285;1;0;"219.65.48.155"
"67.43.236.18";31461;"RU";"Rostov-on-Don";"Rostov Oblast";"Россия";1;1;1;0;0;0;0;1;1;1;0;"46.61.245.121";161;1;0;"46.61.245.121"
"67.43.236.18";24441;"US";"Brooklyn";"New York";"США";1;1;1;0;0;1;0;1;1;1;0;"68.199.152.232";151;1;0;"ool-44c798e8.dyn.optonline.net"
"67.43.228.254";14563;"VN";"Ho Chi Minh City";"Ho Chi Minh";"Вьетнам";1;1;1;0;0;0;0;1;1;1;0;"14.187.237.119";150;5;0;"14.187.237.119"
"67.43.228.251";2535;"CA";"Belleville";"Ontario";"Канада";1;0;1;0;0;0;0;1;1;1;0;"24.156.198.30";156;4;0;"d24-156-198-30.home4.cgocable.net"
"45.191.152.61";8080;"BR";"Araoiaba da Serra";"So Paulo";"Бразилия";1;0;1;0;0;0;0;0;0;0;0;"45.191.152.61";306;244;753;"45.191.152.61"
"43.163.115.87";7654;"SG";"";"";"Сингапур";1;0;1;0;0;0;0;1;1;1;0;"43.163.115.87";307;33;6;"43.163.115.87"
"194.59.204.87";9080;"DE";"Nuremberg";"Bavaria";"ФРГ";1;1;1;0;0;0;0;0;0;0;0;"194.59.204.87";148;143;238;"v2202411161096299959.powersrv.de"
"180.180.18.20";8080;"TH";"Phra Nakhon Si Ayutthaya";"Phra Nakhon Si Ayutthaya";"Таиланд";1;0;1;0;0;0;0;1;1;0;0;"180.180.18.20";275;94;8;"node-3kk.pool-180-180.dynamic.nt-isp.net"
"223.205.28.110";8080;"TH";"Bang Lamung";"Chon Buri";"Таиланд";1;0;1;0;0;0;0;0;0;0;0;"223.205.28.110";368;69;152;"mx-ll-223.205.28-110.dynamic.3bb.in.th"
"223.204.197.72";8080;"TH";"Bang Lamung";"Chon Buri";"Таиланд";1;0;1;0;0;0;0;1;1;1;0;"223.204.197.72";287;6;0;"mx-ll-223.204.197-72.dynamic.3bb.in.th"
"223.204.195.44";8080;"TH";"Bang Lamung";"Chon Buri";"Таиланд";1;0;1;0;0;0;0;1;1;1;0;"223.204.195.44";286;6;0;"mx-ll-223.204.195-44.dynamic.3bb.co.th"
"223.204.35.104";8080;"TH";"Nakhon Pathom";"Nakhon Pathom";"Таиланд";1;1;1;0;0;0;0;1;1;1;0;"223.204.35.104";250;119;23;"mx-ll-223.204.35-104.dynamic.3bb.in.th"
"206.189.80.191";8888;"SG";"";"";"Сингапур";1;0;1;0;0;1;0;1;1;1;0;"206.189.80.191";250;3;0;"206.189.80.191"
"202.12.245.133";8080;"JP";"Tokyo";"Tokyo";"Япония";1;0;1;0;0;0;0;0;0;0;0;"202.12.245.133";251;1821;2964;"202.12.245.133"
"198.145.118.246";8080;"TR";"";"";"Турция";1;0;1;0;0;0;0;1;1;1;0;"198.145.118.246";251;92;15;"198.145.118.246"
"193.181.35.73";8118;"SE";"Stockholm";"Stockholm County";"Швеция";1;0;1;0;0;0;0;0;0;0;0;"193.181.35.73";251;16;3;"193-181-35-73.cust.norisab.com"
"192.121.245.69";8118;"CA";"Toronto";"Ontario";"Канада";1;1;1;0;0;0;0;0;0;0;0;"192.121.245.69";251;179;193;"192.121.245.69"
"185.105.230.45";3128;"TJ";"Dushanbe";"Dushanbe";"Таджикистан";1;1;1;0;0;0;0;0;0;0;0;"185.105.230.45";138;2742;4129;"185.105.230.45"
"183.130.232.120";2324;"CN";"";"";"Китай";1;1;1;1;1;0;0;1;0;1;0;"183.130.232.120";359;7;0;"183.130.232.120"
"183.130.51.167";8118;"CN";"";"";"Китай";1;1;1;0;0;0;0;0;0;0;0;"183.130.51.167";382;410;320;"183.130.51.167"
"182.253.177.175";3128;"ID";"";"";"Индонезия";1;0;1;0;0;0;0;0;0;0;0;"182.253.177.175";263;92;200;"182.253.177.175"
"176.226.244.214";8080;"RU";"Chelyabinsk";"Chelyabinsk Oblast";"Россия";1;0;1;0;0;1;0;0;1;1;0;"176.226.244.214";139;4;0;"pool-176-226-244-214.is74.ru"
"172.233.141.59";3128;"US";"Los Angeles";"California";"США";1;0;1;0;0;0;0;1;1;1;0;"172.233.141.59";265;172;131;"nodeu7y.mofylook.com"
"171.7.211.48";8080;"TH";"Hat Yai";"Songkhla";"Таиланд";1;0;1;0;0;0;0;1;1;1;0;"171.7.211.48";267;6;0;"171.7.211.48"
"163.227.135.42";8080;"ID";"";"";"Индонезия";1;0;1;0;0;0;0;1;1;1;0;"163.227.135.42";267;2;0;"163.227.135.42"
"157.175.84.251";1080;"BH";"";"Southern Governorate";"Бахрейн";1;0;1;0;0;0;0;1;1;1;0;"157.175.84.251";268;140;873;"ec2-157-175-84-251.me-south-1.compute.amazonaws.com"
"157.20.252.211";3126;"ID";"Tanjung Pinang";"Riau Islands";"Индонезия";1;0;1;0;0;1;0;1;1;1;0;"157.20.252.211";268;8457;7066;"ptr-157-20-252-211.gmdp.net.id"
"139.196.172.172";7799;"CN";"Shanghai";"Shanghai";"Китай";1;1;1;0;0;0;0;0;0;0;0;"139.196.172.172";302;1259;1030;"139.196.172.172"
"125.87.90.91";2324;"CN";"Shanghai";"Shanghai";"Китай";1;1;1;0;0;0;0;0;0;0;0;"125.87.90.91";388;12;0;"125.87.90.91"
"115.77.130.235";10031;"VN";"Vng Tu";"B Ra–Vng Tu Province";"Вьетнам";1;1;1;0;0;0;0;1;1;0;0;"115.72.10.171";389;69;0;"115.72.10.171"
"115.77.130.235";10006;"VN";"Hanoi";"Hanoi";"Вьетнам";1;1;1;0;0;0;0;1;0;1;0;"115.72.47.32";390;69;0;"115.72.47.32"
"115.77.130.166";10026;"VN";"Ho Chi Minh City";"Ho Chi Minh";"Вьетнам";1;1;1;0;0;0;0;1;0;1;0;"115.72.174.31";390;76;2;"adsl.viettel.vn"
"115.77.130.166";10007;"VN";"Ho Chi Minh City";"Ho Chi Minh";"Вьетнам";1;1;1;0;0;0;0;1;1;1;0;"115.77.136.225";390;76;2;"adsl.viettel.vn"
"115.72.15.122";10020;"VN";"Vng Tu";"B Ra–Vng Tu Province";"Вьетнам";1;1;1;0;0;0;0;1;1;0;0;"115.72.6.198";390;10;0;"adsl.viettel.vn"
"115.72.12.150";10034;"VN";"Ho Chi Minh City";"Ho Chi Minh";"Вьетнам";1;1;1;0;0;0;0;1;1;0;0;"115.77.136.32";390;68;0;"adsl.viettel.vn"
"115.72.12.150";10009;"VN";"Vng Tu";"B Ra–Vng Tu Province";"Вьетнам";1;1;1;0;0;0;0;0;1;1;0;"115.74.6.176";390;68;1;"adsl.viettel.vn"
"115.72.6.239";10026;"VN";"Ho Chi Minh City";"Ho Chi Minh";"Вьетнам";1;1;1;0;0;0;0;0;0;0;0;"115.72.169.30";390;69;0;"adsl.viettel.vn"
"115.72.6.239";10015;"VN";"Ho Chi Minh City";"Ho Chi Minh";"Вьетнам";1;1;1;0;0;0;0;1;0;0;0;"115.72.174.64";390;75;0;"adsl.viettel.vn"
"114.229.32.81";2324;"CN";"";"";"Китай";1;1;1;1;1;0;0;1;0;0;0;"114.229.32.81";305;10;0;"114.229.32.81"
"113.116.176.149";1080;"CN";"Guangzhou";"Guangdong";"Китай";1;1;1;0;0;1;0;0;0;1;0;"113.116.176.149";391;96;35;"113.116.176.149"
"110.40.26.44";8888;"CN";"";"";"Китай";1;1;1;0;0;0;0;0;0;0;0;"110.40.26.44";391;4754;12420;"110.40.26.44"
"103.156.248.12";8080;"ID";"Batam";"Riau";"Индонезия";1;0;1;0;0;1;0;1;1;1;0;"103.156.248.12";274;3;0;"103.156.248.12"
"103.31.235.202";8080;"ID";"";"";"Индонезия";1;0;1;0;0;0;0;1;1;1;0;"103.31.235.202";275;411;417;"103.31.235.202"
"94.141.122.116";8080;"US";"";"";"США";1;0;1;0;0;0;0;0;0;0;0;"77.47.143.120";150;723;441;"77.47.143.120"
"93.190.138.107";56786;"NL";"Naaldwijk";"South Holland";"Нидерланды";1;1;1;0;0;0;0;1;1;1;0;"93.190.138.107";150;303;276;"93-190-138-107.hosted-by-worldstream.net"
"77.37.97.93";1111;"DK";"Nrre by";"South Denmark";"Дания";1;0;1;0;0;0;0;1;1;1;0;"77.37.97.93";150;552;757;"mail.sikerinfo.com"
"72.10.164.178";27173;"IN";"Chennai";"Tamil Nadu";"Индия";1;1;1;0;0;0;0;1;1;1;0;"104.28.225.172";151;14;0;"104.28.225.172"
"72.10.164.178";24043;"IN";"Thrissur";"Kerala";"Индия";1;1;1;0;0;0;0;1;1;1;0;"103.154.37.17";166;9;0;"keralavisionisp-dynamic-17.37.154.103.keralavisionisp.com"
"72.10.164.178";16661;"PH";"Davao City";"Province of Davao del Sur";"Филиппины";1;1;1;0;0;1;0;1;1;1;0;"124.217.114.43";151;14;0;"124.217.114.43"
"72.10.164.178";16095;"ID";"Cianjur";"West Java";"Индонезия";1;1;1;0;0;0;0;1;1;1;0;"125.163.77.110";151;14;0;"125.163.77.110"
"72.10.164.178";9829;"ID";"Jakarta";"Jakarta";"Индонезия";1;1;1;0;0;0;0;1;1;1;0;"182.253.57.30";166;14;0;"182.253.57.30"
"72.10.160.172";26635;"IN";"Chennai";"Tamil Nadu";"Индия";1;1;1;0;0;0;0;0;0;0;0;"49.43.251.19";151;5;0;"49.43.251.19"
"72.10.160.170";28749;"ID";"Jakarta";"Jakarta";"Индонезия";1;1;1;0;0;0;0;1;1;1;0;"112.78.167.169";151;4;0;"112.78.167.169"
"72.10.160.170";27957;"MY";"Bayan Lepas";"Penang";"Малайзия";1;1;1;0;0;0;0;1;1;1;0;"161.142.138.17";151;4;0;"161.142.138.17"
"72.10.160.170";26309;"NP";"Kathmandu";"Bagmati Province";"Непал";1;1;1;0;0;0;0;0;0;0;0;"203.9.210.186";151;6;3;"203.9.210.186"
"72.10.160.170";26099;"IN";"Kanpur";"Uttar Pradesh";"Индия";1;1;1;0;0;0;0;1;1;1;0;"49.43.112.66";151;4;0;"49.43.112.66"
"72.10.160.170";24201;"ID";"";"";"Индонезия";1;1;1;0;0;0;0;1;1;1;0;"103.3.46.173";151;4;0;"103.3.46.173"
"72.10.160.170";23705;"KH";"Phnom Penh";"Phnom Penh";"Камбоджа";1;1;1;0;0;0;0;1;1;1;0;"111.90.184.15";151;4;0;"111.90.184.15"
"72.10.160.170";22227;"AR";"Ezeiza";"Buenos Aires";"Аргентина";1;1;1;0;0;1;0;1;1;1;0;"168.226.86.96";151;4;0;"168-226-86-96.speedy.com.ar"
"72.10.160.170";20779;"PE";"Chimbote";"Ancash";"Перу";1;1;1;0;0;1;0;1;1;1;0;"179.6.100.205";151;4;0;"179.6.100.205"
"72.10.160.170";19949;"US";"Spearfish";"South Dakota";"США";1;1;1;0;0;1;0;1;1;1;0;"209.159.244.182";151;4;0;"209.159.244.182"
"72.10.160.170";18381;"ID";"";"";"Индонезия";1;1;1;0;0;1;0;1;1;0;0;"202.162.221.186";151;4;0;"186.221.iconpln.net.id"
"72.10.160.170";15365;"QA";"Doha";"Baladyat ad Dawah";"Катар";1;1;1;0;0;0;0;1;1;1;0;"212.70.116.0";151;4;0;"212.70.116.0"
"72.10.160.170";12995;"TH";"Bangkok";"Bangkok";"Таиланд";1;1;1;0;0;0;0;1;1;1;0;"38.54.117.15";151;4;0;"38.54.117.15"
"72.10.160.170";10829;"IN";"Coimbatore";"Tamil Nadu";"Индия";1;1;1;0;0;1;0;1;1;1;0;"27.61.58.20";151;4;0;"27.61.58.20"
"72.10.160.170";8021;"TW";"Miaoli";"Miaoli";"Тайвань";1;1;1;0;0;1;0;1;1;1;0;"61.223.218.104";151;4;0;"61.223.218.104"
"72.10.160.170";7403;"ID";"Dukuh Atas";"Jakarta";"Индонезия";1;1;1;0;0;1;0;1;1;1;0;"125.165.130.76";151;4;0;"125.165.130.76"
"72.10.160.170";5879;"CA";"Mississauga";"Ontario";"Канада";1;1;1;0;0;0;0;1;1;1;0;"70.49.57.60";151;4;0;"bras-vprn-ssvlon5203w-lp130-35-70-49-57-60.dsl.bell.ca"
"72.10.160.92";28103;"MX";"Mexicali";"Baja California";"Мексика";1;1;1;0;0;0;0;1;1;1;0;"189.216.22.66";151;19;3;"customer-189-216-22-66.cablevision.net.mx"
"72.10.160.91";5889;"MY";"Petaling Jaya";"Selangor";"Малайзия";1;0;1;0;0;1;0;0;0;0;0;"118.101.166.55";151;4;0;"118.101.166.55"
"72.10.160.90";29541;"US";"Houghton";"Michigan";"США";1;0;1;0;0;0;0;1;1;1;0;"141.219.248.13";151;34;5;"rover-248-13.rovernet.mtu.edu"
"72.10.160.90";25809;"MX";"Xochimilco";"Mexico City";"Мексика";1;1;1;0;0;0;0;1;1;1;0;"187.224.215.57";151;21;4;"dsl-187-224-215-57-dyn.prod-infinitum.com.mx"
"72.10.160.90";24627;"ID";"";"";"Индонезия";1;1;1;0;0;0;0;0;0;0;0;"180.249.155.213";151;6;1;"180.249.155.213"
"72.10.160.90";16477;"VN";"Hanoi";"Hanoi";"Вьетнам";1;1;1;0;0;0;0;1;1;1;0;"14.231.164.224";151;14;0;"14.231.164.224"
"72.10.160.90";5715;"MN";"";"";"Монголия";1;1;1;0;0;0;0;1;1;1;0;"157.15.7.139";151;14;7;"157.15.7.139"
"72.10.160.90";5339;"ID";"Jakarta";"Jakarta";"Индонезия";1;1;1;0;0;0;0;1;1;1;0;"182.253.242.112";151;14;0;"182.253.242.112"
"67.43.236.20";11149;"KH";"Phnom Penh";"Phnom Penh";"Камбоджа";1;1;1;0;0;1;0;1;1;1;0;"136.228.159.117";151;4;0;"sinet.117.159.228.136.sinet.com.kh"
"67.43.236.19";18095;"MX";"Santa Catarina";"Nuevo Len";"Мексика";1;1;1;0;0;0;0;1;1;1;0;"189.159.60.126";151;4;0;"dsl-189-159-60-126-dyn.prod-infinitum.com.mx"
"67.43.236.18";32191;"IN";"Pune";"Maharashtra";"Индия";1;1;1;0;0;0;0;1;1;1;0;"106.213.84.111";151;4;0;"106.213.84.111"
"67.43.236.18";29755;"ID";"Jakarta";"Jakarta";"Индонезия";1;0;1;0;0;0;0;0;0;0;0;"103.154.137.34";151;16;4;"103.154.137.34"
"67.43.236.18";24705;"PH";"Clark";"Province of Pampanga";"Филиппины";1;1;1;0;0;1;0;1;1;1;0;"120.29.66.123";151;4;0;"123.66.29.120-rev.convergeict.com"
"67.43.236.18";23639;"NP";"Kathmandu";"Bagmati Province";"Непал";1;1;1;0;0;0;0;1;1;1;0;"43.245.86.21";151;4;0;"43.245.86.21"
"67.43.236.18";23249;"AE";"Ajman";"Ajman";"ОАЭ";1;1;1;0;0;0;0;1;1;1;0;"109.177.96.130";151;4;0;"109.177.96.130"
"67.43.236.18";22569;"PK";"Karachi";"Sindh";"Пакистан";1;1;1;0;0;0;0;0;0;0;0;"119.155.133.81";151;4;0;"119.155.133.81"
"67.43.236.18";21979;"TH";"";"";"Таиланд";1;1;1;0;0;1;0;1;1;1;0;"203.172.135.243";151;4;0;"203.172.135.243"
"67.43.236.18";18977;"VN";"Hanoi";"Hanoi";"Вьетнам";1;1;1;0;0;1;0;1;1;1;0;"1.55.109.225";151;4;0;"1.55.109.225"
"67.43.236.18";18273;"TW";"Tainan City";"Tainan";"Тайвань";1;1;1;0;0;0;0;1;1;1;0;"114.39.162.190";151;12;0;"114.39.162.190"
"67.43.236.18";16941;"US";"Elmhurst";"Illinois";"США";1;1;1;0;0;0;0;1;1;1;0;"76.136.106.162";151;4;0;"c-76-136-106-162.hsd1.il.comcast.net"
"67.43.236.18";15799;"PK";"Rawalpindi";"Punjab";"Пакистан";1;1;1;0;0;1;0;1;0;1;0;"182.188.71.34";151;4;0;"182.188.71.34"
"67.43.236.18";14823;"AE";"Al Ain City";"Abu Dhabi";"ОАЭ";1;1;1;0;0;0;0;1;1;1;0;"94.59.32.157";151;4;0;"bba-94-59-32-157.alshamil.net.ae"
"67.43.236.18";13745;"IN";"Surat";"Gujarat";"Индия";1;0;1;0;0;0;0;0;0;1;0;"163.53.179.58";151;12;0;"163.53.179.58"
"67.43.236.18";12733;"MX";"Mexicali";"Baja California";"Мексика";1;1;1;0;0;0;0;0;0;0;0;"189.216.16.110";151;12;0;"customer-189-216-16-110.cablevision.net.mx"
"67.43.236.18";10273;"CA";"Montreal";"Quebec";"Канада";1;1;1;0;0;0;0;1;1;1;0;"69.157.178.122";151;4;0;"lnsm2-montreal02-69-157-178-122.internet.virginmobile.ca"
"67.43.236.18";8619;"IN";"Kolkata";"West Bengal";"Индия";1;1;1;0;0;1;0;1;1;1;0;"45.123.14.228";151;4;0;"45.123.14.228"
"67.43.236.18";7985;"VN";"Ho Chi Minh City";"Ho Chi Minh";"Вьетнам";1;1;1;0;0;0;0;1;1;1;0;"171.227.241.108";151;4;0;"171.227.241.108"
"67.43.236.18";7895;"TW";"Taoyuan District";"Taoyuan";"Тайвань";1;1;1;0;0;0;0;1;1;1;0;"118.231.201.182";151;12;0;"118.231.201.182"
"67.43.236.18";7411;"MY";"Kuala Lumpur";"Kuala Lumpur";"Малайзия";1;1;1;0;0;1;0;1;1;1;0;"192.228.236.69";151;4;0;"broadband.time.net.my"
"67.43.236.18";7201;"ID";"";"";"Индонезия";1;1;1;0;0;0;0;1;1;1;0;"103.94.171.98";151;12;0;"ip-171-98.balifiber.id"
"67.43.236.18";6759;"MM";"Yangon";"Yangon";"Мьянма (Бирма)";1;1;1;0;0;0;0;0;1;1;0;"210.14.100.142";151;4;0;"210.14.100.142"
"67.43.236.18";4621;"MM";"Yangon";"Yangon";"Мьянма (Бирма)";1;1;1;0;0;0;0;0;1;1;0;"103.217.156.205";151;12;0;"103.217.156.205"
"67.43.236.18";3545;"MY";"Kuala Lumpur";"Kuala Lumpur";"Малайзия";1;1;1;0;0;0;0;1;1;1;0;"161.142.150.131";151;12;0;"161.142.150.131"
"67.43.236.18";1071;"MY";"Kuala Lumpur";"Kuala Lumpur";"Малайзия";1;1;1;0;0;1;0;1;1;1;0;"175.139.112.127";151;4;0;"175.139.112.127"
"67.43.228.251";20801;"PH";"Tandag";"Province of Surigao del Sur";"Филиппины";1;0;1;0;0;0;0;1;1;1;0;"103.180.201.245";151;6;0;"103.180.201.245"
"67.43.228.251";7653;"GT";"Guatemala City";"Guatemala";"Гватемала";1;1;1;0;0;0;0;0;0;0;0;"216.230.140.90";151;7;2;"90.140.230.216.static.intelnet.net.gt"
"67.43.228.251";5257;"ID";"Bandung";"West Java";"Индонезия";1;0;1;0;0;0;0;1;1;1;0;"114.10.47.54";159;31;4;"114.10.47.54"
"67.43.228.250";32291;"IN";"Bhubaneswar";"Odisha";"Индия";1;1;1;0;0;0;0;1;1;1;0;"106.215.154.244";151;21;2;"106.215.154.244"
"67.43.228.250";32257;"AU";"Adelaide";"South Australia";"Австралия";1;1;1;0;0;0;0;1;1;1;0;"175.35.71.9";151;4;0;"175.35.71.9"
"67.43.228.250";32057;"PH";"Bacoor";"Province of Cavite";"Филиппины";1;1;1;0;0;0;0;1;0;1;0;"115.147.9.133";151;12;0;"115.147.9.133"
"67.43.228.250";31433;"VN";"Ho Chi Minh City";"Ho Chi Minh";"Вьетнам";1;1;1;0;0;1;0;1;1;1;0;"42.117.101.94";151;7;0;"42.117.101.94"
"67.43.228.250";28719;"MY";"Kuala Lumpur";"Kuala Lumpur";"Малайзия";1;1;1;0;0;0;0;0;0;0;0;"111.221.54.163";151;19;1;"111.221.54.163"
"67.43.228.250";28617;"PH";"Manila";"Metro Manila";"Филиппины";1;0;1;0;0;0;0;1;1;1;0;"112.209.182.149";159;17;1;"112.209.182.149.pldt.net"
"67.43.228.250";28225;"ID";"Madiun";"East Java";"Индонезия";1;1;1;0;0;0;0;1;1;1;0;"103.245.27.37";151;7;0;"103.245.27.37"
"67.43.228.250";26885;"MN";"";"";"Монголия";1;1;1;0;0;1;0;1;1;1;0;"202.179.18.228";151;4;0;"202.179.18.228"
"67.43.228.250";26839;"LK";"Malambe";"Colombo District";"Шри-Ланка";1;1;1;0;0;0;0;1;1;1;0;"112.134.168.247";151;4;0;"v4.dns.slt.lk"
"67.43.228.250";22101;"MY";"Kuala Lumpur";"Kuala Lumpur";"Малайзия";1;1;1;0;0;0;0;1;1;1;0;"121.122.59.166";151;4;0;"121.122.59.166"
"67.43.228.250";22097;"BR";"So Paulo";"So Paulo";"Бразилия";1;1;1;0;0;0;0;1;1;1;0;"186.204.56.239";151;7;0;"bacc38ef.virtua.com.br"
"67.43.228.250";21155;"US";"Houston";"Texas";"США";1;1;1;0;0;0;0;1;1;1;0;"37.19.221.230";151;4;0;"unn-37-19-221-230.datapacket.com"
"67.43.228.250";17861;"US";"Kearney";"Nebraska";"США";1;1;1;0;0;0;0;1;1;1;0;"75.135.197.226";151;4;0;"syn-075-135-197-226.res.spectrum.com"
"67.43.228.250";17833;"ID";"Jakarta";"Jakarta";"Индонезия";1;1;1;0;0;1;0;1;1;1;0;"180.244.162.118";151;4;0;"180.244.162.118"
"67.43.228.250";15829;"US";"Elkhorn";"Nebraska";"США";1;1;1;0;0;1;0;1;1;1;0;"174.71.96.3";151;4;0;"ip174-71-96-3.om.om.cox.net"
"67.43.228.250";14851;"VN";"Hanoi";"Hanoi";"Вьетнам";1;1;1;0;0;1;0;1;1;1;0;"113.22.159.121";151;4;0;"113.22.159.121"
"67.43.228.250";13787;"US";"Philadelphia";"Pennsylvania";"США";1;1;1;0;0;0;0;1;1;1;0;"74.109.112.48";151;4;0;"pool-74-109-112-48.phlapa.fios.verizon.net"
"67.43.228.250";11345;"AR";"Merlo";"Buenos Aires";"Аргентина";1;1;1;0;0;0;0;1;1;1;0;"186.23.28.68";151;4;0;"cpe-186-23-28-68.telecentro-reversos.com.ar"
"67.43.228.250";10637;"IN";"";"";"Индия";1;1;1;0;0;1;0;1;1;1;0;"203.88.149.146";151;4;0;"ice.149.client146.youtele.com"
"67.43.228.250";8807;"MY";"Alor Star";"Kedah";"Малайзия";1;1;1;0;0;0;0;1;1;1;0;"42.191.89.70";151;19;8;"42.191.89.70"
"67.43.228.250";7963;"ID";"Singkil";"Aceh";"Индонезия";1;1;1;0;0;1;0;1;1;1;0;"36.76.147.77";151;4;0;"36.76.147.77"
"67.43.228.250";7757;"MN";"Ulan Bator";"Ulaanbaatar";"Монголия";1;1;1;0;0;1;0;1;1;1;0;"66.181.168.82";151;7;0;"66.181.168.82"
"67.43.228.250";6667;"MY";"";"";"Малайзия";1;1;1;0;0;0;0;1;1;1;0;"183.171.191.155";151;14;2;"183.171.191.155"
"67.43.228.250";4457;"IN";"Kolkata";"West Bengal";"Индия";1;1;1;0;0;1;0;1;1;1;0;"152.56.134.31";151;4;0;"152.56.134.31"
"67.43.228.250";4317;"US";"Fort Worth";"Texas";"США";1;0;1;0;0;0;0;1;1;1;0;"99.174.203.224";151;4;0;"99-174-203-224.lightspeed.ftwotx.sbcglobal.net"
"67.43.228.250";4079;"JP";"Miyazaki";"Miyazaki";"Япония";1;1;1;0;0;0;0;1;1;1;0;"183.76.107.127";151;17;0;"183.76.107.127"
"67.43.228.250";2855;"ID";"Bandar Lampung";"Lampung";"Индонезия";1;1;1;0;0;0;0;1;0;0;0;"110.137.38.130";151;12;0;"110.137.38.130"
"67.43.228.250";2713;"CA";"Aurora";"Ontario";"Канада";1;1;1;0;0;0;0;1;1;1;0;"99.254.191.208";151;4;0;"pool-99-254-191-208.cpe.net.cable.rogers.com"
"58.136.168.230";8080;"TH";"Bangkok";"Bangkok";"Таиланд";1;0;1;0;0;0;0;0;1;0;0;"58.136.168.230";288;292;255;"58.136.168.230"
"49.48.51.131";8080;"TH";"Bang Lamung";"Chon Buri";"Таиланд";1;0;1;0;0;0;0;1;1;1;0;"49.48.51.131";288;349;247;"mx-ll-49.48.51-131.dynamic.3bb.in.th"
"47.236.224.32";8080;"SG";"";"";"Сингапур";1;1;1;0;0;0;0;1;1;1;0;"47.236.224.32";289;4580;11960;"47.236.224.32"
"47.109.102.214";6004;"CN";"Chengdu";"Sichuan";"Китай";1;1;1;0;0;0;0;0;0;1;0;"125.69.45.67";289;362;402;"125.69.45.67"
"47.99.86.231";3128;"CN";"Hangzhou";"Zhejiang";"Китай";1;0;1;0;0;0;0;0;0;0;0;"47.99.86.231";289;1467;538;"47.99.86.231"
"45.136.198.40";3128;"BG";"";"";"Болгария";1;0;1;0;0;0;0;1;1;1;0;"45.136.198.40";153;748;2779;"45.136.198.40"
"45.83.140.198";8080;"US";"Edison";"New Jersey";"США";1;0;1;0;0;0;0;1;0;1;0;"173.239.240.136";153;545;1;"173.239.240.136"
"43.156.108.205";7654;"SG";"";"";"Сингапур";1;1;1;0;0;0;0;1;1;1;0;"43.156.108.205";290;25;1;"43.156.108.205"
"41.97.111.208";3128;"DZ";"Oran";"Oran";"Алжир";1;0;1;0;0;0;0;0;1;0;0;"41.97.111.208";291;62;38;"41.97.111.208"
"23.237.210.82";80;"US";"";"";"США";1;0;1;0;0;0;0;1;1;1;0;"23.237.210.82";294;2573;1540;"23.237.210.82"
"8.140.235.207";9001;"CN";"Beijing";"Beijing";"Китай";1;1;1;0;0;0;0;0;0;0;0;"8.140.235.207";165;7665;23242;"8.140.235.207"
"212.89.188.115";21231;"AT";"Freistadt";"Upper Austria";"Австрия";1;0;1;0;0;0;0;0;0;0;0;"212.89.188.115";144;516;2196;"212.89.188.115"
"171.41.131.1";2324;"CN";"";"";"Китай";1;1;1;1;1;0;0;1;0;1;0;"171.41.131.1";346;26;123;"171.41.131.1"
"67.43.236.19";8777;"ID";"South Tangerang";"Banten";"Индонезия";1;1;1;0;0;0;0;1;1;1;0;"158.140.182.80";160;10;0;"host-158.140.182-80.myrepublic.co.id"
"58.136.174.81";8080;"TH";"Bangkok";"Bangkok";"Таиланд";1;0;1;0;0;0;0;1;0;0;0;"58.136.174.81";280;695;1586;"58.136.174.81"
"57.151.64.172";8888;"US";"Washington";"Virginia";"США";1;0;1;0;0;0;0;0;0;0;0;"172.171.82.72";280;72;790;"172.171.82.72"
"51.91.76.186";8080;"FR";"";"";"Франция";1;0;1;0;0;0;0;0;0;0;0;"51.91.76.186";158;9813;38075;"vps-ad47d4c8.vps.ovh.net"
"39.100.160.54";6379;"CN";"Beijing";"Beijing";"Китай";1;0;1;0;0;0;0;0;0;0;0;"39.100.160.54";284;8046;14745;"39.100.160.54"
"113.121.254.240";8118;"CN";"";"";"Китай";1;0;1;0;0;0;0;0;0;0;0;"113.121.254.240";410;1175;3022;"113.121.254.240"
"72.10.160.92";30741;"HN";"Florencia";"Francisco Morazn Department";"Гондурас";1;1;1;0;0;0;0;1;1;1;0;"138.204.180.10";158;20;2;"10.180.204.138-static.metronethn.com"
"67.43.236.20";25639;"TW";"New Taipei City";"New Taipei City";"Тайвань";1;1;1;0;0;0;0;0;0;0;0;"114.44.37.249";156;6;0;"114.44.37.249"
"67.43.228.252";8575;"TW";"Taipei";"Taipei City";"Тайвань";1;1;1;0;0;0;0;1;1;1;0;"118.169.73.165";153;12;0;"118.169.73.165"
"67.43.228.251";22301;"BR";"Cabreva";"So Paulo";"Бразилия";1;0;1;0;0;0;0;0;0;0;0;"38.137.161.61";280;12;27;"38.137.161.61"
"67.43.228.251";11575;"TH";"Chiang Mai";"Chiang Mai";"Таиланд";1;1;1;0;0;0;0;1;1;0;0;"223.204.81.45";153;5;0;"mx-ll-223.204.81-45.dynamic.3bb.in.th"
"167.71.157.105";8888;"US";"Santa Clara";"California";"США";1;0;1;0;0;1;0;1;1;1;0;"167.71.157.105";225;1;0;"167.71.157.105"
"67.43.228.252";10821;"ID";"Bandung";"West Java";"Индонезия";1;0;1;0;0;1;0;1;1;1;0;"103.157.49.57";225;1;0;"103.157.49.57"
"213.108.127.130";8080;"SK";"";"";"Словакия";1;0;1;0;0;0;0;0;0;0;0;"213.108.127.130";152;2319;7587;"213.108.127.130"
"67.43.228.251";29767;"IN";"Mumbai";"Maharashtra";"Индия";1;1;1;0;0;1;0;1;1;1;0;"49.36.114.27";163;1;0;"49.36.114.27"
"67.43.228.251";28411;"AR";"";"";"Аргентина";1;0;1;0;0;0;0;0;0;0;0;"200.16.208.187";168;1;0;"host187.advance.com.ar"
"67.43.228.251";23687;"DZ";"Oran";"Oran";"Алжир";1;1;1;0;0;1;0;1;1;1;0;"41.98.87.100";164;1;0;"41.98.87.100"
"67.43.228.251";22249;"BD";"";"";"Бангладеш";1;1;1;0;0;1;0;1;1;1;0;"202.5.42.111";164;1;0;"202.5.42.111"
"67.43.228.251";21485;"ID";"Bandung";"West Java";"Индонезия";1;1;1;0;0;1;0;1;1;1;0;"114.122.108.33";168;1;0;"114.122.108.33"
"67.43.228.251";18821;"NG";"Lagos";"Lagos";"Нигерия";1;1;1;0;0;1;0;1;1;0;0;"105.113.70.31";164;1;0;"105.113.70.31"
"14.241.80.37";8080;"VN";"Hanoi";"Hanoi";"Вьетнам";1;1;1;0;0;0;0;1;1;1;0;"14.241.80.37";295;594;3689;"14.241.80.37"
"223.206.50.8";8081;"TH";"Bang Lamung";"Chon Buri";"Таиланд";1;0;1;0;0;0;0;1;0;1;0;"223.206.50.8";274;301;1558;"223.206.50.8"
"103.169.53.145";8080;"IN";"Aizawl";"Mizoram";"Индия";1;0;1;0;0;0;0;0;1;0;0;"103.169.53.145";284;21;45;"103.169.53.145"
"67.43.236.18";14941;"IN";"Jaipur";"Rajasthan";"Индия";1;0;1;0;0;0;0;1;1;1;0;"223.181.34.180";285;9;3;"223.181.34.180"
"67.43.236.18";9443;"ID";"Namlea";"Maluku";"Индонезия";1;1;1;0;0;0;0;0;0;0;0;"182.4.7.254";163;16;3;"182.4.7.254"
"67.43.228.250";31491;"IN";"Nellore";"Andhra Pradesh";"Индия";1;1;1;0;0;1;0;1;1;1;0;"49.204.195.88";162;1;0;"49.204.195.88"
"67.43.228.250";30447;"IN";"New Delhi";"National Capital Territory of Delhi";"Индия";1;1;1;0;0;1;0;1;1;1;0;"122.162.150.129";162;1;0;"abts-north-dynamic-129.150.162.122.airtelbroadband.in"
"67.43.228.250";29803;"ID";"Tangerang";"Banten";"Индонезия";1;1;1;0;0;1;0;1;0;1;0;"210.210.154.43";162;1;0;"210.210.154.43"
"67.43.228.250";28327;"MY";"Kuala Lumpur";"Kuala Lumpur";"Малайзия";1;1;1;0;0;1;0;1;1;1;0;"183.171.67.118";162;1;0;"183.171.67.118"
"67.43.228.250";27793;"UY";"Montevideo";"Montevideo Department";"Уругвай";1;1;1;0;0;1;0;1;1;1;0;"179.29.191.226";162;1;0;"r179-29-191-226.dialup.mobile.ancel.net.uy"
"67.43.228.250";27687;"VE";"Barquisimeto";"Lara";"Венесуэла";1;1;1;0;0;0;0;0;0;0;0;"200.84.62.50";162;1;0;"200-84-62-50-may-07-p76.cantv.net"
"67.43.228.250";27657;"VN";"Hanoi";"Hanoi";"Вьетнам";1;1;1;0;0;1;0;1;1;1;0;"116.96.47.6";162;1;0;"116.96.47.6"
"67.43.228.250";26017;"BR";"So Paulo";"So Paulo";"Бразилия";1;1;1;0;0;1;0;1;1;1;0;"191.13.147.66";162;1;0;"191-13-147-66.user.vivozap.com.br"
"67.43.228.250";25543;"ID";"Surabaya";"East Java";"Индонезия";1;1;1;0;0;0;0;0;0;0;0;"125.164.14.233";162;1;0;"125.164.14.233"
"67.43.228.250";24775;"MX";"Gustavo Adolfo Madero";"Mexico City";"Мексика";1;1;1;0;0;1;0;1;1;1;0;"189.203.100.209";162;1;0;"fixed-189-203-100-209.totalplay.net"
"67.43.228.250";22755;"PK";"Multan";"Punjab";"Пакистан";1;1;1;0;0;1;0;1;0;1;0;"39.50.130.11";162;1;0;"39.50.130.11"
"67.43.228.250";22005;"ID";"";"";"Индонезия";1;1;1;0;0;1;0;1;1;1;0;"118.99.123.0";162;1;0;"118.99.123.0"
"67.43.228.250";21527;"ID";"Sukoharjo";"Central Java";"Индонезия";1;1;1;0;0;0;0;1;1;1;0;"125.166.178.132";162;1;0;"125.166.178.132"
"67.43.228.250";20727;"PK";"Karachi";"Sindh";"Пакистан";1;1;1;0;0;1;0;1;0;1;0;"103.244.175.142";162;1;0;"103.244.175.142"
"67.43.228.250";19821;"ID";"Jakarta";"Jakarta";"Индонезия";1;1;1;0;0;1;0;1;1;1;0;"36.91.182.90";162;1;0;"36.91.182.90"
"67.43.228.250";18431;"US";"Monee";"Illinois";"США";1;0;1;0;0;1;0;1;1;1;0;"174.62.159.35";284;1;0;"c-174-62-159-35.hsd1.il.comcast.net"
"67.43.228.250";16837;"IN";"";"";"Индия";1;1;1;0;0;1;0;1;1;1;0;"103.186.151.247";162;1;0;"103.186.151.247"
"67.43.228.250";14331;"PK";"Lahore";"Punjab";"Пакистан";1;0;1;0;0;0;0;0;0;1;0;"43.251.253.215";162;1;0;"43-251-253-215.optix.pk"
"67.43.228.250";14007;"TR";"Istanbul";"Istanbul";"Турция";1;0;1;0;0;0;0;1;1;1;0;"130.41.22.199";284;1;0;"130.41.22.199"
"67.43.228.250";13767;"IN";"Delhi";"National Capital Territory of Delhi";"Индия";1;1;1;0;0;1;0;1;1;1;0;"103.176.141.122";162;1;0;"103.176.141.122"
"67.43.228.250";11255;"IN";"Pune";"Maharashtra";"Индия";1;1;1;0;0;1;0;1;1;1;0;"223.233.84.35";162;1;0;"abts-north-dynamic-35.84.233.223.airtelbroadband.in"
"67.43.228.250";10937;"PH";"Baguio City";"Province of Benguet";"Филиппины";1;1;1;0;0;1;0;1;1;1;0;"124.217.92.160";162;1;0;"124.217.92.160"
"67.43.228.250";10849;"ID";"Bandung";"West Java";"Индонезия";1;1;1;0;0;1;0;1;1;1;0;"180.253.214.13";162;1;0;"180.253.214.13"
"67.43.228.250";10821;"ID";"Bandung";"West Java";"Индонезия";1;0;1;0;0;1;0;0;1;0;0;"103.157.49.12";162;1;0;"103.157.49.12"
"67.43.228.250";7603;"PH";"Bacoor";"Province of Cavite";"Филиппины";1;1;1;0;0;0;0;1;1;1;0;"49.144.136.156";162;1;0;"dsl.49.144.136.156.pldt.net"
"67.43.228.250";7563;"ID";"Pemalang";"Central Java";"Индонезия";1;1;1;0;0;1;0;1;1;1;0;"36.68.54.191";162;1;0;"36.68.54.191"
"67.43.228.250";6807;"ID";"South Tangerang";"Banten";"Индонезия";1;1;1;0;0;0;0;1;1;1;0;"36.67.70.198";162;1;0;"sehati.tanjabtimkab.go.id"
"67.43.228.250";6631;"VN";"Ho Chi Minh City";"Ho Chi Minh";"Вьетнам";1;1;1;0;0;1;0;1;1;1;0;"1.53.97.245";162;1;0;"1.53.97.245"
"67.43.228.250";5923;"IN";"Noida";"Uttar Pradesh";"Индия";1;1;1;0;0;1;0;1;1;1;0;"122.161.50.108";162;1;0;"122.161.50.108"
"67.43.228.250";4841;"MY";"Puchong Batu Dua Belas";"Selangor";"Малайзия";1;1;1;0;0;1;0;1;1;1;0;"27.125.244.62";162;1;0;"27.125.244.62"
"67.43.228.250";2995;"ID";"Jakarta";"Jakarta";"Индонезия";1;1;1;0;0;1;0;1;1;1;0;"36.70.225.190";161;1;0;"36.70.225.190"
"67.43.228.250";2933;"IN";"Ahmedabad";"Gujarat";"Индия";1;1;1;0;0;1;0;1;1;1;0;"122.164.22.16";161;1;0;"abts-tn-dynamic-016.22.164.122.airtelbroadband.in"
"47.91.65.23";3128;"DE";"Frankfurt am Main";"Hesse";"ФРГ";1;0;1;0;0;0;0;1;0;1;0;"47.91.65.23";162;11719;4162;"47.91.65.23"
"115.72.163.75";10007;"VN";"Ho Chi Minh City";"Ho Chi Minh";"Вьетнам";1;1;1;0;0;1;0;1;0;1;0;"115.77.139.141";408;219;233;"adsl.viettel.vn"
"72.10.160.173";23589;"DE";"Cologne";"North Rhine-Westphalia";"ФРГ";1;1;1;0;0;0;0;1;1;1;0;"78.34.3.22";1162;3;0;"78.34.3.22"
"67.43.236.21";5353;"US";"Scottsdale";"Arizona";"США";1;1;1;0;0;0;0;1;1;1;0;"24.251.174.11";164;20;0;"ip24-251-174-11.ph.ph.cox.net"
"163.223.78.107";8080;"ID";"Jombang";"East Java";"Индонезия";1;0;1;0;0;1;0;0;0;0;0;"163.223.78.107";302;149;153;"163.223.78.107"
"111.95.43.98";1080;"ID";"Jakarta";"Jakarta";"Индонезия";1;0;1;0;0;1;0;1;0;0;0;"111.95.43.98";1294;371;450;"fm-dyn-111-95-43-98.fast.net.id"
"78.82.179.222";8888;"CZ";"Prague";"Prague";"Чехия";1;0;1;0;0;0;0;1;1;1;0;"178.249.209.185";297;36;1;"unn-178-249-209-185.datapacket.com"
"72.10.164.178";24079;"TW";"Taichung City";"Taichung City";"Тайвань";1;0;1;0;0;0;0;1;1;1;0;"220.132.220.66";312;21;3;"220-132-220-66.hinet-ip.hinet.net"
"72.10.160.170";20841;"MY";"Cyberjaya";"Selangor";"Малайзия";1;1;1;0;0;0;0;1;1;1;0;"115.132.149.13";300;29;2;"115.132.149.13"
"72.10.160.170";18119;"CL";"Maip";"Santiago Metropolitan";"Чили";1;1;1;0;0;0;0;1;1;1;0;"186.105.240.45";300;33;2;"186.105.240.45"
"72.10.160.170";15797;"VN";"Hanoi";"Hanoi";"Вьетнам";1;1;1;0;0;1;0;1;1;1;0;"42.114.157.72";300;6;1;"42.114.157.72"
"72.10.160.170";10881;"BD";"";"";"Бангладеш";1;1;1;0;0;0;0;1;1;1;0;"115.127.80.169";300;26;2;"115.127.80.169.bracnet.net"
"72.10.160.91";27025;"IN";"Gurugram";"Haryana";"Индия";1;0;1;0;0;0;0;1;0;0;0;"223.190.81.40";302;6;1;"223.190.81.40"
"68.183.211.118";2267;"DE";"Frankfurt am Main";"Hesse";"ФРГ";1;1;1;0;0;1;0;1;1;1;0;"104.28.197.13";302;9;0;"104.28.197.13"
"67.43.228.251";20185;"AU";"Sydney";"New South Wales";"Австралия";1;1;1;0;0;0;0;1;1;1;0;"203.221.242.48";305;20;3;"203.221.242.48"
"47.89.184.18";3128;"US";"";"Virginia";"США";1;0;1;0;0;0;1;1;1;1;0;"47.89.184.18";306;11613;4425;"47.89.184.18"
"223.206.60.235";8080;"TH";"Bang Lamung";"Chon Buri";"Таиланд";1;0;1;0;0;0;0;0;0;0;0;"223.206.60.235";1361;71;311;"223.206.60.235"
"125.77.135.240";80;"CN";"Fuzhou";"Fujian";"Китай";1;1;1;0;0;0;0;0;0;0;0;"110.88.151.119";1341;1605;5172;"110.88.151.119"
"61.164.204.130";4999;"CN";"";"";"Китай";1;0;1;0;0;0;0;0;0;1;0;"61.164.204.130";391;870;4375;"61.164.204.130"
"47.96.156.28";9002;"CN";"Hangzhou";"Zhejiang";"Китай";1;0;1;0;0;0;0;0;0;0;0;"47.96.156.28";258;39;196;"47.96.156.28"
"8.218.251.251";10081;"HK";"";"";"Гонконг";1;0;1;0;0;0;0;1;1;1;0;"8.218.251.251";260;681;1796;"8.218.251.251"